timestamp,session_id,elapsed_seconds,reference_temperature_C,DS18B20_raw_C,NTC_raw_C,DS18B20_error_C,NTC_error_C
33:32.5,20260919_113330,0.01,31,30.94,32.62,-0.06,1.62
33:33.0,20260919_113330,0.51,31,30.94,32.63,-0.06,1.63
33:34.1,20260919_113330,1.64,31,30.94,32.64,-0.06,1.64
33:35.2,20260919_113330,2.77,31,30.94,32.64,-0.06,1.64
33:36.3,20260919_113330,3.9,31,30.94,32.64,-0.06,1.64
33:37.5,20260919_113330,5.03,31,30.94,32.65,-0.06,1.65
33:38.6,20260919_113330,6.16,31,30.94,32.66,-0.06,1.66
33:39.7,20260919_113330,7.29,31,30.94,32.65,-0.06,1.65
33:40.9,20260919_113330,8.42,31,31,32.66,0,1.66
33:42.0,20260919_113330,9.54,31,31,32.66,0,1.66
33:43.1,20260919_113330,10.67,31,31,32.67,0,1.67
33:44.2,20260919_113330,11.8,31,31.06,32.67,0.06,1.67
33:45.4,20260919_113330,12.93,31,31.06,32.67,0.06,1.67
33:46.5,20260919_113330,14.06,31,31.06,32.69,0.06,1.69
33:47.6,20260919_113330,15.19,31,31.06,32.72,0.06,1.72
33:48.8,20260919_113330,16.32,31,31.06,32.73,0.06,1.73
33:49.9,20260919_113330,17.45,31,31.06,32.77,0.06,1.77
33:51.0,20260919_113330,18.58,31,31.12,32.81,0.12,1.81
33:52.1,20260919_113330,19.7,31,31.06,32.82,0.06,1.82
33:53.3,20260919_113330,20.83,31,31.06,32.84,0.06,1.84
33:54.4,20260919_113330,21.96,31,31.12,32.83,0.12,1.83
33:55.5,20260919_113330,23.09,31,31.12,32.81,0.12,1.81
33:56.7,20260919_113330,24.22,31,31.12,32.84,0.12,1.84
33:57.8,20260919_113330,25.35,31,31.12,32.83,0.12,1.83
33:58.9,20260919_113330,26.48,31,31.19,32.86,0.19,1.86
34:00.1,20260919_113330,27.61,31,31.19,32.9,0.19,1.9
34:01.2,20260919_113330,28.74,31,31.12,32.93,0.12,1.93
34:02.3,20260919_113330,29.87,31,31.19,32.98,0.19,1.98
34:03.4,20260919_113330,31,31,31.19,33.05,0.19,2.05
34:04.6,20260919_113330,32.13,31,31.19,33.11,0.19,2.11
34:05.7,20260919_113330,33.25,31,31.19,33.17,0.19,2.17
34:06.8,20260919_113330,34.38,31,31.25,33.23,0.25,2.23
34:08.0,20260919_113330,35.51,31,31.25,33.24,0.25,2.24
34:09.1,20260919_113330,36.64,31,31.25,33.22,0.25,2.22
34:10.2,20260919_113330,37.76,31,31.31,33.2,0.31,2.2
34:11.3,20260919_113330,38.9,31,31.31,33.22,0.31,2.22
34:12.5,20260919_113330,40.03,31,31.31,33.24,0.31,2.24
34:13.6,20260919_113330,41.16,31,31.25,33.23,0.25,2.23
34:14.7,20260919_113330,42.28,31,31.31,33.22,0.31,2.22
34:15.9,20260919_113330,43.42,31,31.25,33.21,0.25,2.21
34:17.0,20260919_113330,44.55,31,31.31,33.17,0.31,2.17
34:18.1,20260919_113330,45.67,31,31.31,33.16,0.31,2.16
34:19.2,20260919_113330,46.8,31,31.31,33.12,0.31,2.12
34:20.4,20260919_113330,47.93,31,31.25,32.98,0.25,1.98
34:21.5,20260919_113330,49.06,31,31.25,32.92,0.25,1.92
34:22.6,20260919_113330,50.19,31,31.25,32.88,0.25,1.88
34:23.8,20260919_113330,51.32,31,31.25,32.78,0.25,1.78
34:24.9,20260919_113330,52.44,31,31.25,32.75,0.25,1.75
34:26.0,20260919_113330,53.58,31,31.25,32.76,0.25,1.76
34:27.1,20260919_113330,54.71,31,31.19,32.77,0.19,1.77
34:28.3,20260919_113330,55.83,31,31.19,32.78,0.19,1.78
34:29.4,20260919_113330,56.97,31,31.25,32.79,0.25,1.79
34:30.5,20260919_113330,58.09,31,31.19,32.82,0.19,1.82
34:31.7,20260919_113330,59.22,31,31.19,32.77,0.19,1.77
34:32.8,20260919_113330,60.35,31,31.19,32.79,0.19,1.79
34:33.9,20260919_113330,61.48,31,31.12,32.81,0.12,1.81
34:35.1,20260919_113330,62.61,31,31.12,32.85,0.12,1.85
34:36.2,20260919_113330,63.74,31,31.12,32.81,0.12,1.81
34:37.3,20260919_113330,64.87,31,31.06,32.86,0.06,1.86
34:38.4,20260919_113330,66,31,31.06,32.86,0.06,1.86
34:39.6,20260919_113330,67.13,31,31.06,32.89,0.06,1.89
34:40.7,20260919_113330,68.26,31,31.06,32.89,0.06,1.89
34:41.8,20260919_113330,69.38,31,31.06,32.9,0.06,1.9
34:42.9,20260919_113330,70.51,31,31.12,32.94,0.12,1.94
34:44.1,20260919_113330,71.64,31,31.06,32.94,0.06,1.94
34:45.2,20260919_113330,72.77,31,31.06,32.98,0.06,1.98
34:46.3,20260919_113330,73.9,31,31.06,32.98,0.06,1.98
34:47.5,20260919_113330,75.03,31,31.12,33.03,0.12,2.03
34:48.6,20260919_113330,76.16,31,31.12,33.06,0.12,2.06
34:49.7,20260919_113330,77.29,31,31.12,33.08,0.12,2.08
34:50.9,20260919_113330,78.42,31,31.12,33.12,0.12,2.12
34:52.0,20260919_113330,79.54,31,31.12,33.15,0.12,2.15
34:53.1,20260919_113330,80.67,31,31.12,33.17,0.12,2.17
34:54.2,20260919_113330,81.8,31,31.12,33.17,0.12,2.17
34:55.4,20260919_113330,82.93,31,31.12,33.16,0.12,2.16
34:56.5,20260919_113330,84.06,31,31.12,33.17,0.12,2.17
34:57.6,20260919_113330,85.19,31,31.19,33.21,0.19,2.21
34:58.8,20260919_113330,86.32,31,31.19,33.22,0.19,2.22
34:59.9,20260919_113330,87.45,31,31.19,33.16,0.19,2.16
35:01.0,20260919_113330,88.58,31,31.19,33.17,0.19,2.17
35:02.1,20260919_113330,89.71,31,31.12,33.22,0.12,2.22
35:03.3,20260919_113330,90.84,31,31.19,33.22,0.19,2.22
35:04.4,20260919_113330,91.96,31,31.25,33.25,0.25,2.25
35:05.5,20260919_113330,93.09,31,31.25,33.26,0.25,2.26
35:06.7,20260919_113330,94.22,31,31.19,33.3,0.19,2.3
35:07.8,20260919_113330,95.35,31,31.25,33.28,0.25,2.28
35:08.9,20260919_113330,96.48,31,31.25,33.3,0.25,2.3
35:10.1,20260919_113330,97.61,31,31.25,33.29,0.25,2.29
35:11.2,20260919_113330,98.74,31,31.25,33.3,0.25,2.3
35:12.3,20260919_113330,99.87,31,31.25,33.27,0.25,2.27
35:13.4,20260919_113330,101,31,31.25,33.26,0.25,2.26
35:14.6,20260919_113330,102.13,31,31.31,33.27,0.31,2.27
35:15.7,20260919_113330,103.25,31,31.31,33.25,0.31,2.25
35:16.8,20260919_113330,104.38,31,31.31,33.22,0.31,2.22
35:18.0,20260919_113330,105.51,31,31.31,33.24,0.31,2.24
35:19.1,20260919_113330,106.64,31,31.25,33.2,0.25,2.2
35:20.2,20260919_113330,107.77,31,31.31,33.15,0.31,2.15
35:21.3,20260919_113330,108.9,31,31.25,33.15,0.25,2.15
35:22.5,20260919_113330,110.03,31,31.31,33.17,0.31,2.17
35:23.6,20260919_113330,111.16,31,31.31,33.23,0.31,2.23
35:24.7,20260919_113330,112.29,31,31.31,33.25,0.31,2.25
35:25.9,20260919_113330,113.42,31,31.31,33.28,0.31,2.28
35:27.0,20260919_113330,114.55,31,31.31,33.31,0.31,2.31
35:28.1,20260919_113330,115.68,31,31.31,33.3,0.31,2.3
35:29.2,20260919_113330,116.8,31,31.31,33.27,0.31,2.27
35:30.4,20260919_113330,117.93,31,31.31,33.26,0.31,2.26
35:31.5,20260919_113330,119.06,31,31.31,33.25,0.31,2.25
35:32.6,20260919_113330,120.19,31,31.25,33.25,0.25,2.25
35:33.8,20260919_113330,121.32,31,31.25,33.2,0.25,2.2
35:34.9,20260919_113330,122.45,31,31.25,33.21,0.25,2.21
35:36.0,20260919_113330,123.58,31,31.25,33.24,0.25,2.24
35:37.1,20260919_113330,124.71,31,31.25,33.15,0.25,2.15
35:38.3,20260919_113330,125.84,31,31.19,33.1,0.19,2.1
35:39.4,20260919_113330,126.97,31,31.12,33.08,0.12,2.08
35:40.5,20260919_113330,128.09,31,31.19,33.08,0.19,2.08
35:41.7,20260919_113330,129.22,31,31.19,33.1,0.19,2.1
35:42.8,20260919_113330,130.35,31,31.19,33.1,0.19,2.1
35:43.9,20260919_113330,131.48,31,31.19,33.12,0.19,2.12
35:45.1,20260919_113330,132.61,31,31.19,33.11,0.19,2.11
35:46.2,20260919_113330,133.74,31,31.19,33.12,0.19,2.12
35:47.3,20260919_113330,134.87,31,31.19,33.12,0.19,2.12
35:48.4,20260919_113330,136,31,31.19,33.1,0.19,2.1
35:49.6,20260919_113330,137.13,31,31.25,33.08,0.25,2.08
35:50.7,20260919_113330,138.26,31,31.19,33.07,0.19,2.07
35:51.8,20260919_113330,139.38,31,31.19,33.08,0.19,2.08
35:53.0,20260919_113330,140.51,31,31.19,33.09,0.19,2.09
35:54.1,20260919_113330,141.64,31,31.19,33.11,0.19,2.11
35:55.2,20260919_113330,142.77,31,31.19,33.1,0.19,2.1
35:56.3,20260919_113330,143.9,31,31.19,33.06,0.19,2.06
35:57.5,20260919_113330,145.03,31,31.19,33,0.19,2
35:58.6,20260919_113330,146.16,31,31.25,32.93,0.25,1.93
35:59.7,20260919_113330,147.29,31,31.19,32.9,0.19,1.9
36:00.9,20260919_113330,148.42,31,31.19,32.92,0.19,1.92
36:02.0,20260919_113330,149.55,31,31.19,32.86,0.19,1.86
36:03.1,20260919_113330,150.67,31,31.12,32.91,0.12,1.91
36:04.2,20260919_113330,151.8,31,31.12,32.92,0.12,1.92
36:05.4,20260919_113330,152.93,31,31.12,32.98,0.12,1.98
36:06.5,20260919_113330,154.06,31,31.19,32.97,0.19,1.97
36:07.6,20260919_113330,155.19,31,31.12,32.99,0.12,1.99
36:08.8,20260919_113330,156.32,31,31.19,32.99,0.19,1.99
36:09.9,20260919_113330,157.45,31,31.19,33.01,0.19,2.01
36:11.0,20260919_113330,158.58,31,31.19,33.01,0.19,2.01
36:12.1,20260919_113330,159.71,31,31.19,32.99,0.19,1.99
36:13.3,20260919_113330,160.83,31,31.19,33,0.19,2
36:14.4,20260919_113330,161.97,31,31.19,32.98,0.19,1.98
36:15.5,20260919_113330,163.1,31,31.12,32.97,0.12,1.97
36:16.7,20260919_113330,164.22,31,31.19,32.97,0.19,1.97
36:17.8,20260919_113330,165.35,31,31.19,32.97,0.19,1.97
36:18.9,20260919_113330,166.48,31,31.19,32.98,0.19,1.98
36:20.1,20260919_113330,167.61,31,31.19,32.97,0.19,1.97
36:21.2,20260919_113330,168.74,31,31.19,32.99,0.19,1.99
36:22.3,20260919_113330,169.87,31,31.19,33,0.19,2
36:23.4,20260919_113330,171,31,31.19,33,0.19,2
36:24.6,20260919_113330,172.13,31,31.19,32.96,0.19,1.96
36:25.7,20260919_113330,173.26,31,31.12,32.91,0.12,1.91
36:26.8,20260919_113330,174.39,31,31.12,32.89,0.12,1.89
36:28.0,20260919_113330,175.51,31,31.12,32.83,0.12,1.83
36:29.1,20260919_113330,176.65,31,31.12,32.86,0.12,1.86
36:30.2,20260919_113330,177.77,31,31.12,32.84,0.12,1.84
36:31.3,20260919_113330,178.89,31,31.12,32.89,0.12,1.89
36:32.5,20260919_113330,180.04,31,31.19,32.89,0.19,1.89
36:33.6,20260919_113330,181.16,31,31.12,32.88,0.12,1.88
36:34.7,20260919_113330,182.29,31,31.12,32.87,0.12,1.87
36:35.9,20260919_113330,183.42,31,31.12,32.86,0.12,1.86
36:37.0,20260919_113330,184.55,31,31.19,32.84,0.19,1.84
36:38.1,20260919_113330,185.68,31,31.12,32.86,0.12,1.86
36:39.2,20260919_113330,186.81,31,31.12,32.9,0.12,1.9
36:40.4,20260919_113330,187.93,31,31.12,32.89,0.12,1.89
36:41.5,20260919_113330,189.06,31,31.12,32.9,0.12,1.9
36:42.6,20260919_113330,190.19,31,31.12,32.94,0.12,1.94
36:43.8,20260919_113330,191.32,31,31.12,32.92,0.12,1.92
36:44.9,20260919_113330,192.45,31,31.12,32.92,0.12,1.92
36:46.0,20260919_113330,193.58,31,31.12,32.93,0.12,1.93
36:47.2,20260919_113330,194.71,31,31.19,32.93,0.19,1.93
36:48.3,20260919_113330,195.84,31,31.19,32.93,0.19,1.93
36:49.4,20260919_113330,196.97,31,31.19,32.91,0.19,1.91
36:50.5,20260919_113330,198.1,31,31.19,32.92,0.19,1.92
36:51.7,20260919_113330,199.23,31,31.19,32.94,0.19,1.94
36:52.8,20260919_113330,200.35,31,31.19,32.95,0.19,1.95
36:53.9,20260919_113330,201.48,31,31.25,32.96,0.25,1.96
36:55.1,20260919_113330,202.61,31,31.25,32.97,0.25,1.97
36:56.2,20260919_113330,203.74,31,31.25,32.98,0.25,1.98
36:57.3,20260919_113330,204.87,31,31.25,32.95,0.25,1.95
36:58.4,20260919_113330,206,31,31.25,32.94,0.25,1.94
36:59.6,20260919_113330,207.13,31,31.25,32.91,0.25,1.91
37:00.7,20260919_113330,208.25,31,31.25,32.88,0.25,1.88
37:01.8,20260919_113330,209.39,31,31.25,32.88,0.25,1.88
37:03.0,20260919_113330,210.52,31,31.25,32.9,0.25,1.9
37:04.1,20260919_113330,211.64,31,31.25,32.88,0.25,1.88
37:05.2,20260919_113330,212.77,31,31.25,32.9,0.25,1.9
37:06.3,20260919_113330,213.9,31,31.31,32.92,0.31,1.92
37:07.5,20260919_113330,215.03,31,31.25,32.92,0.25,1.92
37:08.6,20260919_113330,216.16,31,31.25,32.95,0.25,1.95
37:09.7,20260919_113330,217.29,31,31.31,32.95,0.31,1.95
37:10.9,20260919_113330,218.42,31,31.31,32.96,0.31,1.96
37:12.0,20260919_113330,219.55,31,31.31,32.98,0.31,1.98
37:13.1,20260919_113330,220.68,31,31.25,33,0.25,2
37:14.2,20260919_113330,221.8,31,31.31,33,0.31,2
37:15.4,20260919_113330,222.93,31,31.25,32.96,0.25,1.96
37:16.5,20260919_113330,224.06,31,31.25,32.98,0.25,1.98
37:17.6,20260919_113330,225.19,31,31.31,32.94,0.31,1.94
37:18.8,20260919_113330,226.32,31,31.31,32.92,0.31,1.92
37:19.9,20260919_113330,227.45,31,31.31,32.89,0.31,1.89
37:21.0,20260919_113330,228.58,31,31.31,32.89,0.31,1.89
37:22.1,20260919_113330,229.71,31,31.31,32.92,0.31,1.92
37:23.3,20260919_113330,230.84,31,31.31,32.94,0.31,1.94
37:24.4,20260919_113330,231.97,31,31.31,32.92,0.31,1.92
37:25.5,20260919_113330,233.09,31,31.31,32.9,0.31,1.9
37:26.7,20260919_113330,234.22,31,31.31,32.9,0.31,1.9
37:27.8,20260919_113330,235.35,31,31.31,32.85,0.31,1.85
37:28.9,20260919_113330,236.48,31,31.31,32.83,0.31,1.83
37:30.1,20260919_113330,237.61,31,31.31,32.84,0.31,1.84
37:31.2,20260919_113330,238.74,31,31.31,32.85,0.31,1.85
37:32.3,20260919_113330,239.87,31,31.31,32.8,0.31,1.8
37:33.4,20260919_113330,241,31,31.31,32.84,0.31,1.84
37:34.6,20260919_113330,242.13,31,31.31,32.87,0.31,1.87
37:35.7,20260919_113330,243.26,31,31.31,32.91,0.31,1.91
37:36.8,20260919_113330,244.39,31,31.31,32.92,0.31,1.92
37:38.0,20260919_113330,245.52,31,31.31,32.94,0.31,1.94
37:39.1,20260919_113330,246.65,31,31.31,32.97,0.31,1.97
37:40.2,20260919_113330,247.77,31,31.31,33.02,0.31,2.02
37:41.3,20260919_113330,248.9,31,31.31,33.04,0.31,2.04
37:42.5,20260919_113330,250.03,31,31.31,33.05,0.31,2.05
37:43.6,20260919_113330,251.16,31,31.31,33.07,0.31,2.07
37:44.7,20260919_113330,252.29,31,31.31,33.12,0.31,2.12
37:45.9,20260919_113330,253.42,31,31.25,33.13,0.25,2.13
37:47.0,20260919_113330,254.55,31,31.31,33.15,0.31,2.15
37:48.1,20260919_113330,255.68,31,31.31,33.19,0.31,2.19
37:49.2,20260919_113330,256.81,31,31.31,33.24,0.31,2.24
37:50.4,20260919_113330,257.94,31,31.31,33.26,0.31,2.26
37:51.5,20260919_113330,259.06,31,31.31,33.28,0.31,2.28
37:52.6,20260919_113330,260.19,31,31.31,33.29,0.31,2.29
37:53.8,20260919_113330,261.32,31,31.31,33.3,0.31,2.3
37:54.9,20260919_113330,262.45,31,31.31,33.34,0.31,2.34
37:56.0,20260919_113330,263.58,31,31.31,33.36,0.31,2.36
37:57.2,20260919_113330,264.71,31,31.31,33.37,0.31,2.37
37:58.3,20260919_113330,265.84,31,31.31,33.37,0.31,2.37
37:59.4,20260919_113330,266.97,31,31.31,33.33,0.31,2.33
38:00.5,20260919_113330,268.1,31,31.31,33.28,0.31,2.28
38:01.7,20260919_113330,269.23,31,31.31,33.24,0.31,2.24
38:02.8,20260919_113330,270.35,31,31.31,33.21,0.31,2.21
38:03.9,20260919_113330,271.48,31,31.31,33.16,0.31,2.16
38:05.1,20260919_113330,272.61,31,31.31,33.09,0.31,2.09
38:06.2,20260919_113330,273.74,31,31.31,33.02,0.31,2.02
38:07.3,20260919_113330,274.87,31,31.25,32.9,0.25,1.9
38:08.4,20260919_113330,276,31,31.25,32.85,0.25,1.85
38:09.6,20260919_113330,277.13,31,31.25,32.75,0.25,1.75
38:10.7,20260919_113330,278.25,31,31.25,32.71,0.25,1.71
38:11.8,20260919_113330,279.39,31,31.19,32.66,0.19,1.66
38:13.0,20260919_113330,280.52,31,31.12,32.62,0.12,1.62
38:14.1,20260919_113330,281.64,31,31.12,32.64,0.12,1.64
38:15.2,20260919_113330,282.77,31,31.12,32.66,0.12,1.66
38:16.3,20260919_113330,283.9,31,31.12,32.69,0.12,1.69
38:17.5,20260919_113330,285.03,31,31.12,32.69,0.12,1.69
38:18.6,20260919_113330,286.16,31,31.12,32.74,0.12,1.74
38:19.7,20260919_113330,287.29,31,31.12,32.76,0.12,1.76
38:20.9,20260919_113330,288.42,31,31.19,32.81,0.19,1.81
38:22.0,20260919_113330,289.55,31,31.19,32.84,0.19,1.84
38:23.1,20260919_113330,290.68,31,31.19,32.86,0.19,1.86
38:24.2,20260919_113330,291.8,31,31.19,32.92,0.19,1.92
38:25.4,20260919_113330,292.94,31,31.19,32.93,0.19,1.93
38:26.5,20260919_113330,294.07,31,31.25,32.96,0.25,1.96
38:27.6,20260919_113330,295.19,31,31.25,32.99,0.25,1.99
38:28.8,20260919_113330,296.32,31,31.25,33.02,0.25,2.02
38:29.9,20260919_113330,297.45,31,31.25,33.02,0.25,2.02
38:31.0,20260919_113330,298.58,31,31.31,32.98,0.31,1.98
38:32.2,20260919_113330,299.71,31,31.31,32.97,0.31,1.97
38:33.3,20260919_113330,300.84,31,31.31,33,0.31,2
38:34.4,20260919_113330,301.97,31,31.31,33.05,0.31,2.05
38:35.5,20260919_113330,303.1,31,31.31,33.1,0.31,2.1
38:36.7,20260919_113330,304.23,31,31.31,33.13,0.31,2.13
38:37.8,20260919_113330,305.35,31,31.31,33.12,0.31,2.12
38:38.9,20260919_113330,306.48,31,31.25,33.11,0.25,2.11
38:40.1,20260919_113330,307.61,31,31.25,33.14,0.25,2.14
38:41.2,20260919_113330,308.74,31,31.25,33.09,0.25,2.09
38:42.3,20260919_113330,309.87,31,31.19,33.05,0.19,2.05
38:43.4,20260919_113330,311,31,31.19,33.02,0.19,2.02
38:44.6,20260919_113330,312.13,31,31.12,33.02,0.12,2.02
38:45.7,20260919_113330,313.26,31,31.12,32.97,0.12,1.97
38:46.8,20260919_113330,314.39,31,31.12,32.96,0.12,1.96
38:48.0,20260919_113330,315.52,31,31.06,32.96,0.06,1.96
38:49.1,20260919_113330,316.65,31,31.06,32.97,0.06,1.97
38:50.2,20260919_113330,317.77,31,31.06,32.98,0.06,1.98
38:51.3,20260919_113330,318.91,31,31.06,32.97,0.06,1.97
38:52.5,20260919_113330,320.03,31,31.06,32.95,0.06,1.95
38:53.6,20260919_113330,321.16,31,31.06,32.96,0.06,1.96
38:54.7,20260919_113330,322.29,31,31.06,32.94,0.06,1.94
38:55.9,20260919_113330,323.42,31,31.06,32.9,0.06,1.9
38:57.0,20260919_113330,324.55,31,31.06,32.89,0.06,1.89
38:58.1,20260919_113330,325.68,31,31.06,32.89,0.06,1.89
38:59.2,20260919_113330,326.81,31,31.06,32.88,0.06,1.88
39:00.4,20260919_113330,327.94,31,31.06,32.87,0.06,1.87
39:01.5,20260919_113330,329.07,31,31.06,32.85,0.06,1.85
39:02.6,20260919_113330,330.2,31,31.06,32.82,0.06,1.82
39:03.8,20260919_113330,331.32,31,31.06,32.79,0.06,1.79
39:04.9,20260919_113330,332.45,31,31.12,32.76,0.12,1.76
39:06.0,20260919_113330,333.58,31,31.06,32.78,0.06,1.78
39:07.2,20260919_113330,334.71,31,31.06,32.8,0.06,1.8
39:08.3,20260919_113330,335.84,31,31.12,32.87,0.12,1.87
39:09.4,20260919_113330,336.97,31,31.06,32.9,0.06,1.9
39:10.5,20260919_113330,338.1,31,31.12,32.96,0.12,1.96
39:11.7,20260919_113330,339.23,31,31.12,32.99,0.12,1.99
39:12.8,20260919_113330,340.36,31,31.12,33.03,0.12,2.03
39:13.9,20260919_113330,341.49,31,31.19,33.06,0.19,2.06
39:15.1,20260919_113330,342.62,31,31.19,33.05,0.19,2.05
39:16.2,20260919_113330,343.75,31,31.19,33.08,0.19,2.08
39:17.3,20260919_113330,344.87,31,31.19,33.15,0.19,2.15
39:18.4,20260919_113330,346,31,31.19,33.17,0.19,2.17
39:19.6,20260919_113330,347.13,31,31.19,33.21,0.19,2.21
39:20.7,20260919_113330,348.26,31,31.25,33.22,0.25,2.22
39:21.8,20260919_113330,349.39,31,31.25,33.26,0.25,2.26
39:23.0,20260919_113330,350.52,31,31.25,33.27,0.25,2.27
39:24.1,20260919_113330,351.65,31,31.25,33.3,0.25,2.3
39:25.2,20260919_113330,352.78,31,31.31,33.31,0.31,2.31
39:26.3,20260919_113330,353.91,31,31.31,33.31,0.31,2.31
39:27.5,20260919_113330,355.03,31,31.37,33.32,0.37,2.32
39:28.6,20260919_113330,356.16,31,31.37,33.33,0.37,2.33
39:29.7,20260919_113330,357.29,31,31.37,33.3,0.37,2.3
39:30.9,20260919_113330,358.43,31,31.31,33.3,0.31,2.3
39:32.0,20260919_113330,359.55,31,31.37,33.32,0.37,2.32
39:33.1,20260919_113330,360.68,31,31.37,33.3,0.37,2.3
39:34.2,20260919_113330,361.81,31,31.37,33.3,0.37,2.3
39:35.4,20260919_113330,362.94,31,31.37,33.29,0.37,2.29
39:36.5,20260919_113330,364.07,31,31.37,33.26,0.37,2.26
39:37.6,20260919_113330,365.19,31,31.44,33.25,0.44,2.25
39:38.8,20260919_113330,366.32,31,31.44,33.24,0.44,2.24
39:39.9,20260919_113330,367.45,31,31.44,33.24,0.44,2.24
39:41.0,20260919_113330,368.58,31,31.44,33.23,0.44,2.23
39:42.2,20260919_113330,369.71,31,31.44,33.24,0.44,2.24
39:43.3,20260919_113330,370.84,31,31.44,33.27,0.44,2.27
39:44.4,20260919_113330,371.97,31,31.44,33.24,0.44,2.24
39:45.5,20260919_113330,373.1,31,31.44,33.25,0.44,2.25
39:46.7,20260919_113330,374.23,31,31.44,33.25,0.44,2.25
39:47.8,20260919_113330,375.36,31,31.44,33.24,0.44,2.24
39:48.9,20260919_113330,376.49,31,31.37,33.26,0.37,2.26
39:50.1,20260919_113330,377.61,31,31.37,33.23,0.37,2.23
39:51.2,20260919_113330,378.74,31,31.44,33.23,0.44,2.23
39:52.3,20260919_113330,379.87,31,31.37,33.25,0.37,2.25
39:53.4,20260919_113330,381,31,31.37,33.25,0.37,2.25
39:54.6,20260919_113330,382.13,31,31.37,33.25,0.37,2.25
39:55.7,20260919_113330,383.26,31,31.37,33.29,0.37,2.29
39:56.8,20260919_113330,384.39,31,31.37,33.32,0.37,2.32
39:58.0,20260919_113330,385.52,31,31.37,33.3,0.37,2.3
39:59.1,20260919_113330,386.65,31,31.37,33.21,0.37,2.21
40:00.2,20260919_113330,387.77,31,31.31,33.18,0.31,2.18
40:01.3,20260919_113330,388.91,31,31.37,33.13,0.37,2.13
40:02.5,20260919_113330,390.03,31,31.31,33.09,0.31,2.09
40:03.6,20260919_113330,391.16,31,31.31,33.05,0.31,2.05
40:04.7,20260919_113330,392.29,31,31.31,33.02,0.31,2.02
40:05.9,20260919_113330,393.42,31,31.31,33,0.31,2
40:07.0,20260919_113330,394.55,31,31.31,33.01,0.31,2.01
40:08.1,20260919_113330,395.68,31,31.31,33.03,0.31,2.03
40:09.2,20260919_113330,396.81,31,31.31,33.02,0.31,2.02
40:10.4,20260919_113330,397.94,31,31.25,33.04,0.25,2.04
40:11.5,20260919_113330,399.06,31,31.25,33.06,0.25,2.06
40:12.6,20260919_113330,400.2,31,31.25,33.09,0.25,2.09
40:13.8,20260919_113330,401.32,31,31.25,33.13,0.25,2.13
40:14.9,20260919_113330,402.45,31,31.25,33.15,0.25,2.15
40:16.0,20260919_113330,403.58,31,31.25,33.16,0.25,2.16
40:17.2,20260919_113330,404.71,31,31.25,33.16,0.25,2.16
40:18.3,20260919_113330,405.84,31,31.25,33.18,0.25,2.18
40:19.4,20260919_113330,406.97,31,31.25,33.2,0.25,2.2
40:20.5,20260919_113330,408.1,31,31.25,33.24,0.25,2.24
40:21.7,20260919_113330,409.23,31,31.25,33.25,0.25,2.25
40:22.8,20260919_113330,410.36,31,31.25,33.27,0.25,2.27
40:23.9,20260919_113330,411.49,31,31.25,33.28,0.25,2.28
40:25.1,20260919_113330,412.61,31,31.25,33.28,0.25,2.28
40:26.2,20260919_113330,413.74,31,31.31,33.29,0.31,2.29
40:27.3,20260919_113330,414.87,31,31.31,33.29,0.31,2.29
40:28.4,20260919_113330,416,31,31.25,33.3,0.25,2.3
40:29.6,20260919_113330,417.13,31,31.25,33.29,0.25,2.29
40:30.7,20260919_113330,418.26,31,31.25,33.29,0.25,2.29
40:31.8,20260919_113330,419.39,31,31.31,33.33,0.31,2.33
40:33.0,20260919_113330,420.52,31,31.31,33.29,0.31,2.29
40:34.1,20260919_113330,421.65,31,31.37,33.28,0.37,2.28
40:35.2,20260919_113330,422.78,31,31.37,33.3,0.37,2.3
40:36.3,20260919_113330,423.91,31,31.37,33.29,0.37,2.29
40:37.5,20260919_113330,425.03,31,31.37,33.24,0.37,2.24
40:38.6,20260919_113330,426.16,31,31.37,33.17,0.37,2.17
40:39.7,20260919_113330,427.29,31,31.37,33.06,0.37,2.06
40:40.9,20260919_113330,428.42,31,31.37,33.02,0.37,2.02
40:42.0,20260919_113330,429.55,31,31.44,32.99,0.44,1.99
40:43.1,20260919_113330,430.68,31,31.44,32.97,0.44,1.97
40:44.3,20260919_113330,431.81,31,31.44,32.93,0.44,1.93
40:45.4,20260919_113330,432.94,31,31.44,32.9,0.44,1.9
40:46.5,20260919_113330,434.07,31,31.44,32.87,0.44,1.87
40:47.6,20260919_113330,435.2,31,31.44,32.86,0.44,1.86
40:48.8,20260919_113330,436.32,31,31.44,32.9,0.44,1.9
40:49.9,20260919_113330,437.45,31,31.5,32.91,0.5,1.91
40:51.0,20260919_113330,438.58,31,31.44,32.91,0.44,1.91
40:52.2,20260919_113330,439.71,31,31.44,32.92,0.44,1.92
40:53.3,20260919_113330,440.84,31,31.5,32.95,0.5,1.95
40:54.4,20260919_113330,441.97,31,31.5,32.97,0.5,1.97
40:55.6,20260919_113330,443.13,31,31.44,32.98,0.44,1.98
40:56.7,20260919_113330,444.23,31,31.5,33.04,0.5,2.04
40:57.8,20260919_113330,445.36,31,31.5,33.07,0.5,2.07
40:58.9,20260919_113330,446.49,31,31.5,33.07,0.5,2.07
41:00.1,20260919_113330,447.62,31,31.5,33.08,0.5,2.08
41:01.2,20260919_113330,448.74,31,31.5,33.09,0.5,2.09
41:02.3,20260919_113330,449.87,31,31.5,33.08,0.5,2.08
41:03.4,20260919_113330,451,31,31.5,33.06,0.5,2.06
41:04.6,20260919_113330,452.13,31,31.5,33.09,0.5,2.09
41:05.7,20260919_113330,453.26,31,31.5,33.13,0.5,2.13
41:06.8,20260919_113330,454.39,31,31.5,33.16,0.5,2.16
41:08.0,20260919_113330,455.52,31,31.44,33.15,0.44,2.15
41:09.1,20260919_113330,456.65,31,31.44,33.13,0.44,2.13
41:10.2,20260919_113330,457.78,31,31.44,33.15,0.44,2.15
41:11.3,20260919_113330,458.91,31,31.37,33.16,0.37,2.16
41:12.5,20260919_113330,460.04,31,31.37,33.17,0.37,2.17
41:13.6,20260919_113330,461.16,31,31.37,33.14,0.37,2.14
41:14.7,20260919_113330,462.29,31,31.37,33.13,0.37,2.13
41:15.9,20260919_113330,463.42,31,31.37,33.12,0.37,2.12
41:17.0,20260919_113330,464.55,31,31.31,33.11,0.31,2.11
41:18.1,20260919_113330,465.68,31,31.31,33.16,0.31,2.16
41:19.3,20260919_113330,466.81,31,31.31,33.17,0.31,2.17
41:20.4,20260919_113330,467.94,31,31.31,33.17,0.31,2.17
41:21.5,20260919_113330,469.07,31,31.25,33.17,0.25,2.17
41:22.6,20260919_113330,470.2,31,31.25,33.14,0.25,2.14
41:23.8,20260919_113330,471.33,31,31.25,33.1,0.25,2.1
41:24.9,20260919_113330,472.46,31,31.25,33.13,0.25,2.13
41:26.0,20260919_113330,473.58,31,31.25,33.11,0.25,2.11
41:27.1,20260919_113330,474.71,31,31.19,33.12,0.19,2.12
41:28.3,20260919_113330,475.84,31,31.19,33.09,0.19,2.09
41:29.4,20260919_113330,476.96,31,31.19,33.08,0.19,2.08
41:30.5,20260919_113330,478.1,31,31.19,33.08,0.19,2.08
41:31.7,20260919_113330,479.23,31,31.12,33.06,0.12,2.06
41:32.8,20260919_113330,480.36,31,31.12,33.05,0.12,2.05
41:33.9,20260919_113330,481.49,31,31.12,33.07,0.12,2.07
41:35.1,20260919_113330,482.62,31,31.19,33.09,0.19,2.09
41:36.2,20260919_113330,483.75,31,31.19,33.11,0.19,2.11
41:37.3,20260919_113330,484.87,31,31.19,33.12,0.19,2.12
41:38.4,20260919_113330,486,31,31.19,33.14,0.19,2.14
41:39.6,20260919_113330,487.13,31,31.19,33.1,0.19,2.1
41:40.7,20260919_113330,488.26,31,31.19,33.1,0.19,2.1
41:41.8,20260919_113330,489.39,31,31.19,33.08,0.19,2.08
41:43.0,20260919_113330,490.52,31,31.12,33.05,0.12,2.05
41:44.1,20260919_113330,491.65,31,31.19,33.03,0.19,2.03
41:45.2,20260919_113330,492.78,31,31.12,33.03,0.12,2.03
41:46.3,20260919_113330,493.91,31,31.12,33.02,0.12,2.02
41:47.5,20260919_113330,495.04,31,31.12,33,0.12,2
41:48.6,20260919_113330,496.17,31,31.12,33,0.12,2
41:49.7,20260919_113330,497.29,31,31.12,33.01,0.12,2.01
41:50.9,20260919_113330,498.42,31,31.12,32.99,0.12,1.99
41:52.0,20260919_113330,499.55,31,31.06,32.96,0.06,1.96
41:53.1,20260919_113330,500.68,31,31.06,32.95,0.06,1.95
41:54.2,20260919_113330,501.81,31,31.06,32.92,0.06,1.92
41:55.4,20260919_113330,502.94,31,31,32.89,0,1.89
41:56.5,20260919_113330,504.07,31,31.06,32.86,0.06,1.86
41:57.6,20260919_113330,505.2,31,31,32.82,0,1.82
41:58.8,20260919_113330,506.33,31,31.06,32.81,0.06,1.81
41:59.9,20260919_113330,507.46,31,31.06,32.85,0.06,1.85
42:01.0,20260919_113330,508.59,31,31.06,32.87,0.06,1.87
42:02.2,20260919_113330,509.71,31,31.12,32.9,0.12,1.9
42:03.3,20260919_113330,510.84,31,31.12,32.91,0.12,1.91
42:04.4,20260919_113330,511.97,31,31.12,32.93,0.12,1.93
42:05.5,20260919_113330,513.1,31,31.12,32.96,0.12,1.96
42:06.7,20260919_113330,514.23,31,31.12,32.98,0.12,1.98
42:07.8,20260919_113330,515.36,31,31.12,33,0.12,2
42:08.9,20260919_113330,516.49,31,31.19,32.98,0.19,1.98
42:10.1,20260919_113330,517.62,31,31.19,33.02,0.19,2.02
42:11.2,20260919_113330,518.75,31,31.25,33.03,0.25,2.03
42:12.3,20260919_113330,519.88,31,31.25,33.06,0.25,2.06
42:13.4,20260919_113330,521,31,31.19,33.05,0.19,2.05
42:14.6,20260919_113330,522.13,31,31.25,33.03,0.25,2.03
42:15.7,20260919_113330,523.26,31,31.25,33.02,0.25,2.02
42:16.8,20260919_113330,524.39,31,31.19,33.04,0.19,2.04
42:18.0,20260919_113330,525.52,31,31.19,32.99,0.19,1.99
42:19.1,20260919_113330,526.64,31,31.19,33,0.19,2
42:20.2,20260919_113330,527.78,31,31.19,32.97,0.19,1.97
42:21.3,20260919_113330,528.91,31,31.19,32.98,0.19,1.98
42:22.5,20260919_113330,530.04,31,31.19,32.98,0.19,1.98
42:23.6,20260919_113330,531.17,31,31.19,32.99,0.19,1.99
42:24.7,20260919_113330,532.29,31,31.19,32.96,0.19,1.96
42:25.9,20260919_113330,533.42,31,31.19,33,0.19,2
42:27.0,20260919_113330,534.55,31,31.19,32.99,0.19,1.99
42:28.1,20260919_113330,535.68,31,31.19,33.01,0.19,2.01
42:29.3,20260919_113330,536.81,31,31.19,32.99,0.19,1.99
42:30.4,20260919_113330,537.94,31,31.12,32.97,0.12,1.97
42:31.5,20260919_113330,539.06,31,31.12,32.95,0.12,1.95
42:32.6,20260919_113330,540.2,31,31.06,32.93,0.06,1.93
42:33.8,20260919_113330,541.33,31,31.06,32.95,0.06,1.95
42:34.9,20260919_113330,542.45,31,31.06,32.94,0.06,1.94
42:36.0,20260919_113330,543.59,31,31.06,32.96,0.06,1.96
42:37.2,20260919_113330,544.72,31,31.06,32.96,0.06,1.96
42:38.3,20260919_113330,545.84,31,31.06,32.92,0.06,1.92
42:39.4,20260919_113330,546.97,31,31.06,32.92,0.06,1.92
42:40.5,20260919_113330,548.1,31,31.06,32.92,0.06,1.92
42:41.7,20260919_113330,549.23,31,31.06,32.93,0.06,1.93
42:45.1,20260919_113330,552.62,31,31.06,32.92,0.06,1.92
42:45.1,20260919_113330,552.63,31,31.06,32.95,0.06,1.95
42:45.1,20260919_113330,552.64,31,31.06,32.97,0.06,1.97
42:46.2,20260919_113330,553.74,31,31.12,32.91,0.12,1.91
42:47.3,20260919_113330,554.87,31,31.06,32.9,0.06,1.9
42:48.4,20260919_113330,556,31,31.06,32.92,0.06,1.92
42:49.6,20260919_113330,557.13,31,31.06,32.89,0.06,1.89
42:50.7,20260919_113330,558.26,31,31.06,32.86,0.06,1.86
42:51.8,20260919_113330,559.39,31,31.06,32.86,0.06,1.86
42:53.0,20260919_113330,560.52,31,31,32.82,0,1.82
42:54.1,20260919_113330,561.65,31,30.94,32.76,-0.06,1.76
42:55.2,20260919_113330,562.78,31,30.94,32.72,-0.06,1.72
42:56.3,20260919_113330,563.91,31,30.94,32.75,-0.06,1.75
42:57.5,20260919_113330,565.04,31,30.94,32.78,-0.06,1.78
42:58.6,20260919_113330,566.17,31,30.94,32.78,-0.06,1.78
42:59.7,20260919_113330,567.3,31,30.94,32.78,-0.06,1.78
43:00.9,20260919_113330,568.42,31,30.94,32.78,-0.06,1.78
43:02.0,20260919_113330,569.55,31,30.94,32.75,-0.06,1.75
43:03.1,20260919_113330,570.68,31,30.87,32.78,-0.13,1.78
43:04.3,20260919_113330,571.81,31,30.87,32.85,-0.13,1.85
43:05.4,20260919_113330,572.94,31,30.87,32.89,-0.13,1.89
43:06.5,20260919_113330,574.07,31,30.94,32.89,-0.06,1.89
43:07.6,20260919_113330,575.2,31,30.94,32.93,-0.06,1.93
43:08.8,20260919_113330,576.33,31,30.94,32.91,-0.06,1.91
43:09.9,20260919_113330,577.46,31,30.94,32.89,-0.06,1.89
43:11.0,20260919_113330,578.59,31,30.94,32.83,-0.06,1.83
43:12.2,20260919_113330,579.71,31,30.94,32.76,-0.06,1.76
43:13.3,20260919_113330,580.84,31,30.94,32.8,-0.06,1.8
43:14.4,20260919_113330,581.97,31,30.94,32.83,-0.06,1.83
43:15.5,20260919_113330,583.1,31,30.94,32.86,-0.06,1.86
43:16.7,20260919_113330,584.23,31,30.94,32.83,-0.06,1.83
43:17.8,20260919_113330,585.36,31,30.94,32.84,-0.06,1.84
43:18.9,20260919_113330,586.49,31,31,32.82,0,1.82
43:20.1,20260919_113330,587.62,31,30.94,32.81,-0.06,1.81
43:21.2,20260919_113330,588.74,31,31,32.81,0,1.81
43:22.3,20260919_113330,589.87,31,31,32.79,0,1.79
43:23.4,20260919_113330,591.01,31,31,32.79,0,1.79
43:24.6,20260919_113330,592.13,31,31,32.8,0,1.8
43:25.7,20260919_113330,593.26,31,31,32.79,0,1.79
43:26.8,20260919_113330,594.39,31,31.06,32.84,0.06,1.84
43:28.0,20260919_113330,595.52,31,31.06,32.79,0.06,1.79
43:29.1,20260919_113330,596.65,31,31.06,32.87,0.06,1.87
43:30.2,20260919_113330,597.78,31,31.06,32.84,0.06,1.84
43:31.4,20260919_113330,598.91,31,31.06,32.87,0.06,1.87
43:32.5,20260919_113330,600.04,31,31.06,32.93,0.06,1.93
47:51.1,20260919_134748,0.01,29,29.19,31.45,0.19,2.45
47:51.6,20260919_134748,0.51,29,29.25,31.49,0.25,2.49
47:52.7,20260919_134748,1.64,29,29.25,31.53,0.25,2.53
47:53.8,20260919_134748,2.77,29,29.25,31.51,0.25,2.51
47:54.9,20260919_134748,3.89,29,29.25,31.55,0.25,2.55
47:56.1,20260919_134748,5.03,29,29.25,31.56,0.25,2.56
47:57.2,20260919_134748,6.16,29,29.25,31.57,0.25,2.57
47:58.3,20260919_134748,7.28,29,29.25,31.61,0.25,2.61
47:59.5,20260919_134748,8.41,29,29.25,31.65,0.25,2.65
48:00.6,20260919_134748,9.54,29,29.31,31.7,0.31,2.7
48:01.7,20260919_134748,10.67,29,29.31,31.76,0.31,2.76
48:02.8,20260919_134748,11.8,29,29.31,31.85,0.31,2.85
48:04.0,20260919_134748,12.93,29,29.31,31.85,0.31,2.85
48:05.1,20260919_134748,14.05,29,29.31,31.86,0.31,2.86
48:06.2,20260919_134748,15.19,29,29.31,31.84,0.31,2.84
48:07.4,20260919_134748,16.32,29,29.31,31.79,0.31,2.79
48:08.5,20260919_134748,17.45,29,29.31,31.75,0.31,2.75
48:09.6,20260919_134748,18.58,29,29.31,31.75,0.31,2.75
48:10.8,20260919_134748,19.71,29,29.31,31.73,0.31,2.73
48:11.9,20260919_134748,20.83,29,29.31,31.75,0.31,2.75
48:13.0,20260919_134748,21.96,29,29.31,31.72,0.31,2.72
48:14.1,20260919_134748,23.09,29,29.37,31.78,0.37,2.78
48:15.3,20260919_134748,24.22,29,29.37,31.79,0.37,2.79
48:16.4,20260919_134748,25.35,29,29.37,31.81,0.37,2.81
48:17.5,20260919_134748,26.48,29,29.37,31.83,0.37,2.83
48:18.6,20260919_134748,27.6,29,29.37,31.79,0.37,2.79
48:19.8,20260919_134748,28.74,29,29.37,31.78,0.37,2.78
48:20.9,20260919_134748,29.87,29,29.37,31.81,0.37,2.81
48:22.0,20260919_134748,31,29,29.37,31.76,0.37,2.76
48:23.2,20260919_134748,32.13,29,29.37,31.79,0.37,2.79
48:24.3,20260919_134748,33.26,29,29.37,31.79,0.37,2.79
48:25.4,20260919_134748,34.39,29,29.44,31.79,0.44,2.79
48:26.6,20260919_134748,35.51,29,29.44,31.76,0.44,2.76
48:27.7,20260919_134748,36.64,29,29.44,31.73,0.44,2.73
48:28.8,20260919_134748,37.77,29,29.44,31.76,0.44,2.76
48:29.9,20260919_134748,38.9,29,29.44,31.75,0.44,2.75
48:31.1,20260919_134748,40.03,29,29.44,31.77,0.44,2.77
48:32.2,20260919_134748,41.16,29,29.44,31.77,0.44,2.77
48:33.3,20260919_134748,42.29,29,29.44,31.72,0.44,2.72
48:34.5,20260919_134748,43.42,29,29.44,31.66,0.44,2.66
48:35.6,20260919_134748,44.55,29,29.44,31.61,0.44,2.61
48:36.7,20260919_134748,45.67,29,29.44,31.59,0.44,2.59
48:37.9,20260919_134748,46.8,29,29.44,31.56,0.44,2.56
48:39.0,20260919_134748,47.93,29,29.37,31.53,0.37,2.53
48:40.1,20260919_134748,49.05,29,29.44,31.5,0.44,2.5
48:41.2,20260919_134748,50.19,29,29.44,31.49,0.44,2.49
48:42.4,20260919_134748,51.32,29,29.44,31.48,0.44,2.48
48:43.5,20260919_134748,52.45,29,29.44,31.47,0.44,2.47
48:44.6,20260919_134748,53.58,29,29.37,31.48,0.37,2.48
48:45.8,20260919_134748,54.71,29,29.44,31.49,0.44,2.49
48:46.9,20260919_134748,55.84,29,29.37,31.43,0.37,2.43
48:48.0,20260919_134748,56.96,29,29.44,31.42,0.44,2.42
48:49.1,20260919_134748,58.09,29,29.44,31.39,0.44,2.39
48:50.3,20260919_134748,59.22,29,29.44,31.37,0.44,2.37
48:51.4,20260919_134748,60.35,29,29.44,31.4,0.44,2.4
48:52.5,20260919_134748,61.48,29,29.44,31.37,0.44,2.37
48:53.7,20260919_134748,62.61,29,29.44,31.42,0.44,2.42
48:54.8,20260919_134748,63.74,29,29.44,31.46,0.44,2.46
48:55.9,20260919_134748,64.86,29,29.37,31.48,0.37,2.48
48:57.0,20260919_134748,65.99,29,29.44,31.5,0.44,2.5
48:58.2,20260919_134748,67.12,29,29.44,31.5,0.44,2.5
48:59.3,20260919_134748,68.26,29,29.44,31.54,0.44,2.54
49:00.4,20260919_134748,69.38,29,29.44,31.53,0.44,2.53
49:01.6,20260919_134748,70.51,29,29.44,31.55,0.44,2.55
49:02.7,20260919_134748,71.64,29,29.44,31.53,0.44,2.53
49:03.8,20260919_134748,72.77,29,29.44,31.53,0.44,2.53
49:04.9,20260919_134748,73.9,29,29.44,31.58,0.44,2.58
49:06.1,20260919_134748,75.03,29,29.44,31.61,0.44,2.61
49:07.2,20260919_134748,76.16,29,29.44,31.57,0.44,2.57
49:08.3,20260919_134748,77.29,29,29.44,31.7,0.44,2.7
49:09.5,20260919_134748,78.42,29,29.44,31.61,0.44,2.61
49:10.6,20260919_134748,79.56,29,29.44,31.64,0.44,2.64
49:11.7,20260919_134748,80.68,29,29.44,31.67,0.44,2.67
49:12.9,20260919_134748,81.8,29,29.44,31.64,0.44,2.64
49:14.0,20260919_134748,82.93,29,29.5,31.68,0.5,2.68
49:15.1,20260919_134748,84.06,29,29.44,31.7,0.44,2.7
49:16.2,20260919_134748,85.19,29,29.44,31.72,0.44,2.72
49:17.4,20260919_134748,86.32,29,29.5,31.74,0.5,2.74
49:18.5,20260919_134748,87.45,29,29.5,31.69,0.5,2.69
49:19.6,20260919_134748,88.57,29,29.44,31.73,0.44,2.73
49:20.8,20260919_134748,89.71,29,29.44,31.75,0.44,2.75
49:21.9,20260919_134748,90.84,29,29.5,31.72,0.5,2.72
49:23.0,20260919_134748,91.97,29,29.5,31.75,0.5,2.75
49:24.1,20260919_134748,93.09,29,29.5,31.72,0.5,2.72
49:25.3,20260919_134748,94.22,29,29.5,31.69,0.5,2.69
49:26.4,20260919_134748,95.35,29,29.5,31.65,0.5,2.65
49:27.5,20260919_134748,96.48,29,29.5,31.59,0.5,2.59
49:28.7,20260919_134748,97.61,29,29.5,31.57,0.5,2.57
49:29.8,20260919_134748,98.74,29,29.5,31.54,0.5,2.54
49:30.9,20260919_134748,99.87,29,29.5,31.52,0.5,2.52
49:32.0,20260919_134748,101,29,29.5,31.51,0.5,2.51
49:33.2,20260919_134748,102.12,29,29.44,31.51,0.44,2.51
49:34.3,20260919_134748,103.25,29,29.5,31.5,0.5,2.5
49:35.4,20260919_134748,104.38,29,29.5,31.53,0.5,2.53
49:36.6,20260919_134748,105.51,29,29.44,31.53,0.44,2.53
49:37.7,20260919_134748,106.64,29,29.44,31.53,0.44,2.53
49:38.8,20260919_134748,107.77,29,29.44,31.53,0.44,2.53
49:39.9,20260919_134748,108.9,29,29.44,31.52,0.44,2.52
49:41.1,20260919_134748,110.03,29,29.44,31.54,0.44,2.54
49:42.2,20260919_134748,111.15,29.5,29.44,31.6,-0.06,2.1
49:43.3,20260919_134748,112.29,29.5,29.44,31.6,-0.06,2.1
49:44.5,20260919_134748,113.41,29.5,29.5,31.62,0,2.12
49:45.6,20260919_134748,114.54,29.5,29.5,31.63,0,2.13
49:46.7,20260919_134748,115.67,29.5,29.44,31.6,-0.06,2.1
49:47.8,20260919_134748,116.8,29.5,29.5,31.56,0,2.06
49:49.0,20260919_134748,117.93,29.5,29.5,31.53,0,2.03
49:50.1,20260919_134748,119.06,29.5,29.5,31.51,0,2.01
49:51.2,20260919_134748,120.19,29.5,29.5,31.52,0,2.02
49:52.4,20260919_134748,121.32,29.5,29.5,31.57,0,2.07
49:53.5,20260919_134748,122.45,29.5,29.5,31.56,0,2.06
49:54.6,20260919_134748,123.58,29.5,29.5,31.58,0,2.08
49:55.8,20260919_134748,124.71,29.5,29.44,31.61,-0.06,2.11
49:56.9,20260919_134748,125.84,29.5,29.5,31.66,0,2.16
49:58.0,20260919_134748,126.97,29.5,29.5,31.67,0,2.17
49:59.1,20260919_134748,128.09,29.5,29.5,31.66,0,2.16
50:00.3,20260919_134748,129.22,29.5,29.5,31.7,0,2.2
50:01.4,20260919_134748,130.35,29.5,29.5,31.71,0,2.21
50:02.5,20260919_134748,131.48,29.5,29.5,31.68,0,2.18
50:03.7,20260919_134748,132.61,29.5,29.5,31.73,0,2.23
50:04.8,20260919_134748,133.74,29.5,29.5,31.75,0,2.25
50:05.9,20260919_134748,134.87,29.5,29.56,31.73,0.06,2.23
50:07.0,20260919_134748,136,29.5,29.56,31.72,0.06,2.22
50:08.2,20260919_134748,137.13,29.5,29.56,31.75,0.06,2.25
50:09.3,20260919_134748,138.26,29.5,29.56,31.74,0.06,2.24
50:10.4,20260919_134748,139.38,29.5,29.56,31.71,0.06,2.21
50:11.6,20260919_134748,140.51,29.5,29.56,31.67,0.06,2.17
50:12.7,20260919_134748,141.64,29.5,29.56,31.7,0.06,2.2
50:13.8,20260919_134748,142.77,29.5,29.56,31.67,0.06,2.17
50:14.9,20260919_134748,143.9,29.5,29.56,31.71,0.06,2.21
50:16.1,20260919_134748,145.03,29.5,29.56,31.7,0.06,2.2
50:17.2,20260919_134748,146.16,29.5,29.56,31.73,0.06,2.23
50:18.3,20260919_134748,147.29,29.5,29.56,31.75,0.06,2.25
50:19.5,20260919_134748,148.42,29.5,29.56,31.74,0.06,2.24
50:20.6,20260919_134748,149.54,29.5,29.56,31.76,0.06,2.26
50:21.7,20260919_134748,150.67,29.5,29.56,31.76,0.06,2.26
50:22.9,20260919_134748,151.8,29.5,29.56,31.75,0.06,2.25
50:24.0,20260919_134748,152.93,29.5,29.56,31.73,0.06,2.23
50:25.1,20260919_134748,154.06,29.5,29.56,31.72,0.06,2.22
50:26.2,20260919_134748,155.19,29.5,29.56,31.7,0.06,2.2
50:27.4,20260919_134748,156.32,29.5,29.5,31.69,0,2.19
50:28.5,20260919_134748,157.45,29.5,29.56,31.64,0.06,2.14
50:29.6,20260919_134748,158.58,29.5,29.5,31.6,0,2.1
50:30.8,20260919_134748,159.71,29.5,29.56,31.62,0.06,2.12
50:31.9,20260919_134748,160.84,29.5,29.56,31.62,0.06,2.12
50:33.0,20260919_134748,161.96,29.5,29.56,31.6,0.06,2.1
50:34.1,20260919_134748,163.1,29.5,29.56,31.59,0.06,2.09
50:35.3,20260919_134748,164.22,29.5,29.56,31.58,0.06,2.08
50:36.4,20260919_134748,165.35,29.5,29.56,31.55,0.06,2.05
50:37.5,20260919_134748,166.48,29.5,29.56,31.54,0.06,2.04
50:38.7,20260919_134748,167.61,29.5,29.56,31.53,0.06,2.03
50:39.8,20260919_134748,168.73,29.5,29.56,31.52,0.06,2.02
50:40.9,20260919_134748,169.87,29.5,29.56,31.51,0.06,2.01
50:42.0,20260919_134748,171,29.5,29.56,31.5,0.06,2
50:43.2,20260919_134748,172.13,29.5,29.56,31.45,0.06,1.95
50:44.3,20260919_134748,173.26,29.5,29.56,31.43,0.06,1.93
50:45.4,20260919_134748,174.39,29.5,29.62,31.39,0.12,1.89
50:46.6,20260919_134748,175.52,29.5,29.62,31.45,0.12,1.95
50:47.7,20260919_134748,176.64,29.5,29.56,31.48,0.06,1.98
50:48.8,20260919_134748,177.77,29.5,29.62,31.49,0.12,1.99
50:50.0,20260919_134748,178.9,29.5,29.62,31.5,0.12,2
50:51.1,20260919_134748,180.05,29.5,29.62,31.52,0.12,2.02
50:52.2,20260919_134748,181.18,29.5,29.62,31.52,0.12,2.02
50:53.3,20260919_134748,182.3,29.5,29.62,31.54,0.12,2.04
50:54.5,20260919_134748,183.42,29.5,29.62,31.54,0.12,2.04
50:55.6,20260919_134748,184.54,29.5,29.62,31.56,0.12,2.06
50:56.7,20260919_134748,185.67,29.5,29.62,31.59,0.12,2.09
50:57.9,20260919_134748,186.81,29.5,29.62,31.64,0.12,2.14
50:59.0,20260919_134748,187.93,29.5,29.62,31.64,0.12,2.14
51:00.1,20260919_134748,189.06,29.5,29.62,31.65,0.12,2.15
51:01.2,20260919_134748,190.19,29.5,29.62,31.66,0.12,2.16
51:02.4,20260919_134748,191.32,29.5,29.62,31.68,0.12,2.18
51:03.5,20260919_134748,192.45,29.5,29.62,31.68,0.12,2.18
51:04.6,20260919_134748,193.58,29.5,29.62,31.74,0.12,2.24
51:05.8,20260919_134748,194.71,29.5,29.62,31.81,0.12,2.31
51:06.9,20260919_134748,195.84,29.5,29.62,31.84,0.12,2.34
51:08.0,20260919_134748,196.97,29.5,29.69,31.84,0.19,2.34
51:09.1,20260919_134748,198.1,29.5,29.62,31.84,0.12,2.34
51:10.3,20260919_134748,199.22,29.5,29.69,31.83,0.19,2.33
51:11.4,20260919_134748,200.35,29.5,29.62,31.82,0.12,2.32
51:12.5,20260919_134748,201.48,29.5,29.62,31.82,0.12,2.32
51:13.7,20260919_134748,202.61,29.5,29.62,31.81,0.12,2.31
51:14.8,20260919_134748,203.74,29.5,29.69,31.84,0.19,2.34
51:15.9,20260919_134748,204.87,29.5,29.62,31.84,0.12,2.34
51:17.0,20260919_134748,206,29.5,29.62,31.86,0.12,2.36
51:18.2,20260919_134748,207.13,29.5,29.69,31.83,0.19,2.33
51:19.3,20260919_134748,208.26,29.5,29.69,31.84,0.19,2.34
51:20.4,20260919_134748,209.39,29.5,29.69,31.9,0.19,2.4
51:21.6,20260919_134748,210.52,29.5,29.62,31.87,0.12,2.37
51:22.7,20260919_134748,211.65,29.5,29.69,31.9,0.19,2.4
51:23.8,20260919_134748,212.77,29.5,29.69,31.9,0.19,2.4
51:25.0,20260919_134748,213.9,29.5,29.69,31.88,0.19,2.38
51:26.1,20260919_134748,215.03,29.5,29.69,31.9,0.19,2.4
51:27.2,20260919_134748,216.15,29.5,29.69,31.93,0.19,2.43
51:28.3,20260919_134748,217.29,29.5,29.69,31.92,0.19,2.42
51:29.5,20260919_134748,218.42,29.5,29.69,31.9,0.19,2.4
51:30.6,20260919_134748,219.55,29.5,29.69,31.88,0.19,2.38
51:31.7,20260919_134748,220.67,29.5,29.69,31.89,0.19,2.39
51:32.8,20260919_134748,221.8,29.5,29.69,31.87,0.19,2.37
51:34.0,20260919_134748,222.93,29.5,29.69,31.92,0.19,2.42
51:35.1,20260919_134748,224.06,29.5,29.69,31.9,0.19,2.4
51:36.2,20260919_134748,225.19,29.5,29.62,31.89,0.12,2.39
51:37.4,20260919_134748,226.32,29.5,29.69,31.89,0.19,2.39
51:38.5,20260919_134748,227.45,29.5,29.69,31.89,0.19,2.39
51:39.6,20260919_134748,228.58,29.5,29.69,31.88,0.19,2.38
51:40.8,20260919_134748,229.71,29.5,29.69,31.89,0.19,2.39
51:41.9,20260919_134748,230.84,29.5,29.69,31.88,0.19,2.38
51:43.0,20260919_134748,231.97,29.5,29.69,31.89,0.19,2.39
51:44.1,20260919_134748,233.1,29.5,29.75,31.89,0.25,2.39
51:45.3,20260919_134748,234.22,29.5,29.69,31.9,0.19,2.4
51:46.4,20260919_134748,235.35,29.5,29.69,31.92,0.19,2.42
51:47.5,20260919_134748,236.48,29.5,29.75,31.91,0.25,2.41
51:48.7,20260919_134748,237.61,29.5,29.69,31.88,0.19,2.38
51:49.8,20260919_134748,238.73,29.5,29.75,31.91,0.25,2.41
51:50.9,20260919_134748,239.87,29.5,29.75,31.92,0.25,2.42
51:52.0,20260919_134748,241,29.5,29.75,31.88,0.25,2.38
51:53.2,20260919_134748,242.13,29.5,29.75,31.87,0.25,2.37
51:54.3,20260919_134748,243.26,29.5,29.75,31.86,0.25,2.36
51:55.4,20260919_134748,244.39,29.5,29.75,31.88,0.25,2.38
51:56.6,20260919_134748,245.52,29.5,29.75,31.88,0.25,2.38
51:57.7,20260919_134748,246.65,29.5,29.75,31.87,0.25,2.37
51:58.8,20260919_134748,247.77,29.5,29.75,31.9,0.25,2.4
52:00.0,20260919_134748,248.9,29.5,29.75,31.92,0.25,2.42
52:01.1,20260919_134748,250.03,29.5,29.75,31.91,0.25,2.41
52:02.2,20260919_134748,251.16,29.5,29.81,31.88,0.31,2.38
52:03.3,20260919_134748,252.29,29.5,29.75,31.87,0.25,2.37
52:04.5,20260919_134748,253.42,29.5,29.75,31.85,0.25,2.35
52:05.6,20260919_134748,254.54,29.5,29.75,31.87,0.25,2.37
52:06.7,20260919_134748,255.67,29.5,29.75,31.86,0.25,2.36
52:07.9,20260919_134748,256.81,29.5,29.75,31.86,0.25,2.36
52:09.0,20260919_134748,257.94,29.5,29.75,31.86,0.25,2.36
52:10.1,20260919_134748,259.06,29.5,29.75,31.84,0.25,2.34
52:11.2,20260919_134748,260.19,29.5,29.81,31.89,0.31,2.39
52:12.4,20260919_134748,261.32,29.5,29.75,31.86,0.25,2.36
52:13.5,20260919_134748,262.45,29.5,29.75,31.86,0.25,2.36
52:14.6,20260919_134748,263.58,29.5,29.75,31.84,0.25,2.34
52:15.8,20260919_134748,264.71,29.5,29.75,31.84,0.25,2.34
52:16.9,20260919_134748,265.84,29.5,29.75,31.79,0.25,2.29
52:18.0,20260919_134748,266.96,29.5,29.75,31.82,0.25,2.32
52:19.1,20260919_134748,268.09,29.5,29.75,31.78,0.25,2.28
52:20.3,20260919_134748,269.23,29.5,29.75,31.8,0.25,2.3
52:21.4,20260919_134748,270.36,29.5,29.75,31.81,0.25,2.31
52:22.5,20260919_134748,271.48,29.5,29.75,31.85,0.25,2.35
52:23.7,20260919_134748,272.62,29.5,29.75,31.86,0.25,2.36
52:24.8,20260919_134748,273.74,29.5,29.75,31.86,0.25,2.36
52:25.9,20260919_134748,274.87,29.5,29.75,31.86,0.25,2.36
52:27.0,20260919_134748,276,29.5,29.75,31.86,0.25,2.36
52:28.2,20260919_134748,277.13,29.5,29.75,31.85,0.25,2.35
52:29.3,20260919_134748,278.26,29.5,29.75,31.86,0.25,2.36
52:30.4,20260919_134748,279.39,29.5,29.75,31.88,0.25,2.38
52:31.6,20260919_134748,280.52,29.5,29.75,31.89,0.25,2.39
52:32.7,20260919_134748,281.65,29.5,29.75,31.88,0.25,2.38
52:33.8,20260919_134748,282.77,29.5,29.81,31.88,0.31,2.38
52:35.0,20260919_134748,283.9,29.5,29.81,31.89,0.31,2.39
52:36.1,20260919_134748,285.03,29.5,29.75,31.88,0.25,2.38
52:37.2,20260919_134748,286.16,29.5,29.75,31.87,0.25,2.37
52:38.3,20260919_134748,287.29,29.5,29.75,31.87,0.25,2.37
52:39.5,20260919_134748,288.42,29.5,29.75,31.86,0.25,2.36
52:40.6,20260919_134748,289.55,29.5,29.75,31.87,0.25,2.37
52:41.7,20260919_134748,290.68,29.5,29.81,31.88,0.31,2.38
52:42.9,20260919_134748,291.81,29.5,29.81,31.88,0.31,2.38
52:44.0,20260919_134748,292.94,29.5,29.75,31.87,0.25,2.37
52:45.1,20260919_134748,294.07,29.5,29.75,31.84,0.25,2.34
52:46.2,20260919_134748,295.19,29.5,29.81,31.84,0.31,2.34
52:47.4,20260919_134748,296.32,29.5,29.75,31.85,0.25,2.35
52:48.5,20260919_134748,297.45,29.5,29.81,31.85,0.31,2.35
52:49.6,20260919_134748,298.58,29.5,29.81,31.86,0.31,2.36
52:50.8,20260919_134748,299.71,29.5,29.81,31.86,0.31,2.36
52:51.9,20260919_134748,300.84,29.5,29.81,31.86,0.31,2.36
52:53.0,20260919_134748,301.97,29.5,29.75,31.86,0.25,2.36
52:54.1,20260919_134748,303.1,29.5,29.81,31.87,0.31,2.37
52:55.3,20260919_134748,304.23,29.5,29.75,31.87,0.25,2.37
52:56.4,20260919_134748,305.36,29.5,29.75,31.87,0.25,2.37
52:57.5,20260919_134748,306.49,29.5,29.75,31.88,0.25,2.38
52:58.7,20260919_134748,307.61,29.5,29.75,31.86,0.25,2.36
52:59.8,20260919_134748,308.74,29.5,29.75,31.87,0.25,2.37
53:00.9,20260919_134748,309.87,29.5,29.75,31.88,0.25,2.38
53:02.1,20260919_134748,311,29.5,29.75,31.87,0.25,2.37
53:03.2,20260919_134748,312.13,29.5,29.75,31.91,0.25,2.41
53:04.3,20260919_134748,313.26,29.5,29.75,31.89,0.25,2.39
53:05.4,20260919_134748,314.39,29.5,29.75,31.88,0.25,2.38
53:06.6,20260919_134748,315.52,29.5,29.75,31.87,0.25,2.37
53:07.7,20260919_134748,316.64,29.5,29.81,31.87,0.31,2.37
53:08.8,20260919_134748,317.77,29.5,29.81,31.88,0.31,2.38
53:10.0,20260919_134748,318.91,29.5,29.81,31.86,0.31,2.36
53:11.1,20260919_134748,320.03,29.5,29.81,31.88,0.31,2.38
53:12.2,20260919_134748,321.16,29.5,29.81,31.88,0.31,2.38
53:13.3,20260919_134748,322.29,29.5,29.81,31.9,0.31,2.4
53:14.5,20260919_134748,323.42,29.5,29.87,31.87,0.37,2.37
53:15.6,20260919_134748,324.55,29.5,29.81,31.9,0.31,2.4
53:16.7,20260919_134748,325.68,29.5,29.81,31.9,0.31,2.4
53:17.9,20260919_134748,326.8,29.5,29.87,31.9,0.37,2.4
53:19.0,20260919_134748,327.94,29.5,29.87,31.94,0.37,2.44
53:20.1,20260919_134748,329.07,29.5,29.87,32.01,0.37,2.51
53:21.2,20260919_134748,330.2,29.5,29.87,31.95,0.37,2.45
53:22.4,20260919_134748,331.32,29.5,29.87,31.97,0.37,2.47
53:23.5,20260919_134748,332.45,29.5,29.87,31.97,0.37,2.47
53:24.6,20260919_134748,333.58,29.5,29.87,31.95,0.37,2.45
53:25.8,20260919_134748,334.71,29.5,29.87,31.98,0.37,2.48
53:26.9,20260919_134748,335.84,29.5,29.87,31.94,0.37,2.44
53:28.0,20260919_134748,336.97,29.5,29.87,31.93,0.37,2.43
53:29.1,20260919_134748,338.1,29.5,29.87,31.92,0.37,2.42
53:30.3,20260919_134748,339.23,29.5,29.87,31.92,0.37,2.42
53:31.4,20260919_134748,340.36,29.5,29.87,31.89,0.37,2.39
53:32.5,20260919_134748,341.49,29.5,29.87,31.91,0.37,2.41
53:33.7,20260919_134748,342.62,29.5,29.87,31.9,0.37,2.4
53:34.8,20260919_134748,343.74,29.5,29.87,31.93,0.37,2.43
53:35.9,20260919_134748,344.87,29.5,29.81,31.92,0.31,2.42
53:37.1,20260919_134748,346,29.5,29.81,31.93,0.31,2.43
53:38.2,20260919_134748,347.13,29.5,29.81,31.92,0.31,2.42
53:39.3,20260919_134748,348.26,29.5,29.81,31.9,0.31,2.4
53:40.4,20260919_134748,349.38,29.5,29.81,31.87,0.31,2.37
53:41.6,20260919_134748,350.52,29.5,29.81,31.93,0.31,2.43
53:42.7,20260919_134748,351.64,29.5,29.81,31.9,0.31,2.4
53:43.8,20260919_134748,352.78,29.5,29.81,31.89,0.31,2.39
53:45.0,20260919_134748,353.91,29.5,29.87,31.86,0.37,2.36
53:46.1,20260919_134748,355.03,29.5,29.87,31.88,0.37,2.38
53:47.2,20260919_134748,356.16,29.5,29.87,31.86,0.37,2.36
53:48.3,20260919_134748,357.29,29.5,29.87,31.85,0.37,2.35
53:49.5,20260919_134748,358.42,29.5,29.87,31.81,0.37,2.31
53:50.6,20260919_134748,359.55,29.5,29.87,31.78,0.37,2.28
53:51.7,20260919_134748,360.68,29.5,29.87,31.74,0.37,2.24
53:52.9,20260919_134748,361.81,29.5,29.87,31.77,0.37,2.27
53:54.0,20260919_134748,362.94,29.5,29.87,31.79,0.37,2.29
53:55.1,20260919_134748,364.07,29.5,29.94,31.78,0.44,2.28
53:56.2,20260919_134748,365.2,29.5,29.87,31.81,0.37,2.31
53:57.4,20260919_134748,366.32,29.5,29.87,31.77,0.37,2.27
53:58.5,20260919_134748,367.45,29.5,29.87,31.79,0.37,2.29
53:59.6,20260919_134748,368.58,29.5,29.87,31.81,0.37,2.31
54:00.8,20260919_134748,369.71,29.5,29.87,31.82,0.37,2.32
54:01.9,20260919_134748,370.84,29.5,29.87,31.85,0.37,2.35
54:03.0,20260919_134748,371.97,29.5,29.87,31.86,0.37,2.36
54:04.1,20260919_134748,373.1,29.5,29.87,31.88,0.37,2.38
54:05.3,20260919_134748,374.23,29.5,29.87,31.87,0.37,2.37
54:06.4,20260919_134748,375.36,29.5,29.87,31.89,0.37,2.39
54:07.5,20260919_134748,376.49,29.5,29.87,31.87,0.37,2.37
54:08.7,20260919_134748,377.61,29.5,29.87,31.85,0.37,2.35
54:09.8,20260919_134748,378.74,29.5,29.87,31.85,0.37,2.35
54:10.9,20260919_134748,379.87,29.5,29.87,31.82,0.37,2.32
54:12.1,20260919_134748,381,29.5,29.87,31.8,0.37,2.3
54:13.2,20260919_134748,382.13,29.5,29.87,31.8,0.37,2.3
54:14.3,20260919_134748,383.26,29.5,29.94,31.8,0.44,2.3
54:15.4,20260919_134748,384.39,29.5,29.87,31.8,0.37,2.3
54:16.6,20260919_134748,385.51,29.5,29.87,31.78,0.37,2.28
54:17.7,20260919_134748,386.65,29.5,29.94,31.79,0.44,2.29
54:18.8,20260919_134748,387.78,29.5,29.94,31.84,0.44,2.34
54:20.0,20260919_134748,388.91,29.5,29.94,31.86,0.44,2.36
54:21.1,20260919_134748,390.04,29.5,29.94,31.86,0.44,2.36
54:22.2,20260919_134748,391.16,29.5,29.94,31.86,0.44,2.36
54:23.3,20260919_134748,392.29,29.5,29.94,31.87,0.44,2.37
54:24.5,20260919_134748,393.42,29.5,29.87,31.88,0.37,2.38
54:25.6,20260919_134748,394.55,29.5,29.87,31.89,0.37,2.39
54:26.7,20260919_134748,395.68,29.5,29.87,31.9,0.37,2.4
54:27.9,20260919_134748,396.81,29.5,29.87,31.87,0.37,2.37
54:29.0,20260919_134748,397.94,29.5,29.87,31.89,0.37,2.39
54:30.1,20260919_134748,399.07,29.5,29.87,31.9,0.37,2.4
54:31.2,20260919_134748,400.2,29.5,29.94,31.96,0.44,2.46
54:32.4,20260919_134748,401.32,29.5,29.94,31.92,0.44,2.42
54:33.5,20260919_134748,402.45,29.5,29.94,31.91,0.44,2.41
54:34.6,20260919_134748,403.58,29.5,29.94,31.94,0.44,2.44
54:35.8,20260919_134748,404.71,29.5,29.94,31.91,0.44,2.41
54:36.9,20260919_134748,405.84,29.5,29.94,31.89,0.44,2.39
54:38.0,20260919_134748,406.97,29.5,29.94,31.88,0.44,2.38
54:39.1,20260919_134748,408.1,29.5,29.94,31.89,0.44,2.39
54:40.3,20260919_134748,409.23,29.5,29.94,31.88,0.44,2.38
54:41.4,20260919_134748,410.36,29.5,29.94,31.91,0.44,2.41
54:42.5,20260919_134748,411.49,29.5,29.94,31.94,0.44,2.44
54:43.7,20260919_134748,412.61,29.5,29.94,31.93,0.44,2.43
54:44.8,20260919_134748,413.74,29.5,29.87,31.97,0.37,2.47
54:45.9,20260919_134748,414.87,29.5,29.94,31.97,0.44,2.47
54:47.1,20260919_134748,416,29.5,29.94,31.96,0.44,2.46
54:48.2,20260919_134748,417.13,29.5,29.94,31.94,0.44,2.44
54:49.3,20260919_134748,418.26,29.5,29.94,31.88,0.44,2.38
54:50.4,20260919_134748,419.39,29.5,29.94,31.86,0.44,2.36
54:51.6,20260919_134748,420.52,29.5,29.94,31.86,0.44,2.36
54:52.7,20260919_134748,421.65,29.5,29.94,31.86,0.44,2.36
54:53.8,20260919_134748,422.78,29.5,29.94,31.85,0.44,2.35
54:55.0,20260919_134748,423.91,29.5,29.94,31.86,0.44,2.36
54:56.1,20260919_134748,425.04,29.5,29.94,31.86,0.44,2.36
54:57.2,20260919_134748,426.16,29.5,29.94,31.91,0.44,2.41
54:58.3,20260919_134748,427.29,29.5,29.94,31.87,0.44,2.37
54:59.5,20260919_134748,428.42,29.5,29.94,31.87,0.44,2.37
55:00.6,20260919_134748,429.55,29.5,29.94,31.82,0.44,2.32
55:01.7,20260919_134748,430.68,29.5,29.94,31.84,0.44,2.34
55:02.9,20260919_134748,431.81,29.5,29.94,31.78,0.44,2.28
55:04.0,20260919_134748,432.94,29.5,29.94,31.76,0.44,2.26
55:05.1,20260919_134748,434.07,29.5,29.94,31.79,0.44,2.29
55:06.2,20260919_134748,435.2,29.5,29.94,31.77,0.44,2.27
55:07.4,20260919_134748,436.33,29.5,29.94,31.79,0.44,2.29
55:08.5,20260919_134748,437.45,29.5,30,31.79,0.5,2.29
55:09.6,20260919_134748,438.58,29.5,29.94,31.76,0.44,2.26
55:10.8,20260919_134748,439.71,29.5,29.94,31.81,0.44,2.31
55:11.9,20260919_134748,440.84,29.5,29.94,31.8,0.44,2.3
55:13.0,20260919_134748,441.97,29.5,29.94,31.86,0.44,2.36
55:14.1,20260919_134748,443.1,29.5,29.94,31.87,0.44,2.37
55:15.3,20260919_134748,444.23,29.5,29.94,31.84,0.44,2.34
55:16.4,20260919_134748,445.36,29.5,29.94,31.85,0.44,2.35
55:17.5,20260919_134748,446.49,29.5,29.94,31.87,0.44,2.37
55:18.7,20260919_134748,447.62,29.5,29.94,31.87,0.44,2.37
55:19.8,20260919_134748,448.74,29.5,29.94,31.87,0.44,2.37
55:20.9,20260919_134748,449.87,29.5,29.94,31.86,0.44,2.36
55:22.1,20260919_134748,451,29.5,29.87,31.84,0.37,2.34
55:23.2,20260919_134748,452.13,29.5,29.94,31.83,0.44,2.33
55:24.3,20260919_134748,453.26,29.5,29.94,31.84,0.44,2.34
55:25.4,20260919_134748,454.39,29.5,29.94,31.77,0.44,2.27
55:26.6,20260919_134748,455.52,29.5,29.94,31.78,0.44,2.28
55:27.7,20260919_134748,456.65,29.5,29.94,31.74,0.44,2.24
55:28.8,20260919_134748,457.77,29.5,29.94,31.73,0.44,2.23
55:30.0,20260919_134748,458.91,29.5,29.94,31.71,0.44,2.21
55:31.1,20260919_134748,460.03,29.5,29.94,31.68,0.44,2.18
55:32.2,20260919_134748,461.16,29.5,29.94,31.7,0.44,2.2
55:33.3,20260919_134748,462.29,29.5,29.94,31.75,0.44,2.25
55:34.5,20260919_134748,463.42,29.5,29.87,31.79,0.37,2.29
55:35.6,20260919_134748,464.56,29.5,29.94,31.8,0.44,2.3
55:36.7,20260919_134748,465.68,29.5,29.94,31.75,0.44,2.25
55:37.9,20260919_134748,466.81,29.5,29.94,31.75,0.44,2.25
55:39.0,20260919_134748,467.94,29.5,29.94,31.72,0.44,2.22
55:40.1,20260919_134748,469.07,29.5,29.94,31.7,0.44,2.2
55:41.2,20260919_134748,470.19,29.5,29.94,31.7,0.44,2.2
55:42.4,20260919_134748,471.32,29.5,29.94,31.69,0.44,2.19
55:43.5,20260919_134748,472.46,29.5,29.94,31.69,0.44,2.19
55:44.6,20260919_134748,473.58,29.5,29.94,31.71,0.44,2.21
55:45.8,20260919_134748,474.71,29.5,30,31.72,0.5,2.22
55:46.9,20260919_134748,475.84,29.5,29.94,31.77,0.44,2.27
55:48.0,20260919_134748,476.97,29.5,30,31.77,0.5,2.27
55:49.1,20260919_134748,478.1,29.5,29.94,31.84,0.44,2.34
55:50.3,20260919_134748,479.23,29.5,30,31.84,0.5,2.34
55:51.4,20260919_134748,480.36,29.5,30,31.88,0.5,2.38
55:52.5,20260919_134748,481.49,29.5,30,31.87,0.5,2.37
55:53.7,20260919_134748,482.61,29.5,30,31.88,0.5,2.38
55:54.8,20260919_134748,483.75,29.5,30,31.91,0.5,2.41
55:55.9,20260919_134748,484.88,29.5,30,31.88,0.5,2.38
55:57.0,20260919_134748,486,29.5,30,31.89,0.5,2.39
55:58.2,20260919_134748,487.13,29.5,30,31.84,0.5,2.34
55:59.3,20260919_134748,488.26,29.5,30,31.81,0.5,2.31
56:00.4,20260919_134748,489.39,29.5,30,31.76,0.5,2.26
56:01.6,20260919_134748,490.52,29.5,30,31.74,0.5,2.24
56:02.7,20260919_134748,491.65,29.5,30,31.72,0.5,2.22
56:03.8,20260919_134748,492.77,29.5,30,31.72,0.5,2.22
56:04.9,20260919_134748,493.9,29.5,30,31.69,0.5,2.19
56:06.1,20260919_134748,495.03,29.5,30,31.68,0.5,2.18
56:07.2,20260919_134748,496.16,29.5,30,31.63,0.5,2.13
56:08.3,20260919_134748,497.29,29.5,30.06,31.62,0.56,2.12
56:09.5,20260919_134748,498.42,29.5,30,31.58,0.5,2.08
56:10.6,20260919_134748,499.55,29.5,30,31.63,0.5,2.13
56:11.7,20260919_134748,500.68,29.5,30,31.62,0.5,2.12
56:12.8,20260919_134748,501.8,29.5,30,31.67,0.5,2.17
56:14.0,20260919_134748,502.94,29.5,30.06,31.73,0.56,2.23
56:15.1,20260919_134748,504.07,29.5,30,31.74,0.5,2.24
56:16.2,20260919_134748,505.2,29.5,30.06,31.73,0.56,2.23
56:17.4,20260919_134748,506.33,29.5,30,31.79,0.5,2.29
56:18.5,20260919_134748,507.46,29.5,30.06,31.82,0.56,2.32
56:19.6,20260919_134748,508.58,29.5,30,31.83,0.5,2.33
56:20.8,20260919_134748,509.71,29.5,30,31.8,0.5,2.3
56:21.9,20260919_134748,510.84,29.5,30.06,31.79,0.56,2.29
56:23.0,20260919_134748,511.97,29.5,30.06,31.82,0.56,2.32
56:24.1,20260919_134748,513.1,29.5,30.06,31.82,0.56,2.32
56:25.3,20260919_134748,514.23,29.5,30,31.75,0.5,2.25
56:26.4,20260919_134748,515.36,29.5,30,31.72,0.5,2.22
56:27.5,20260919_134748,516.49,29.5,30,31.72,0.5,2.22
56:28.7,20260919_134748,517.62,29.5,30.06,31.74,0.56,2.24
56:29.8,20260919_134748,518.75,29.5,30,31.73,0.5,2.23
56:30.9,20260919_134748,519.88,29.5,30,31.72,0.5,2.22
56:32.1,20260919_134748,521,29.5,30,31.75,0.5,2.25
56:33.2,20260919_134748,522.13,29.5,30,31.75,0.5,2.25
56:34.3,20260919_134748,523.26,29.5,30,31.83,0.5,2.33
56:35.4,20260919_134748,524.39,29.5,30,31.87,0.5,2.37
56:36.6,20260919_134748,525.52,29.5,30,31.9,0.5,2.4
56:37.7,20260919_134748,526.64,29.5,30,31.89,0.5,2.39
56:38.8,20260919_134748,527.78,29.5,30,31.88,0.5,2.38
56:40.0,20260919_134748,528.91,29.5,30,31.82,0.5,2.32
56:41.1,20260919_134748,530.04,29.5,30,31.76,0.5,2.26
56:42.2,20260919_134748,531.17,29.5,30,31.71,0.5,2.21
56:43.3,20260919_134748,532.3,29.5,30,31.61,0.5,2.11
56:44.5,20260919_134748,533.42,29.5,30,31.61,0.5,2.11
56:45.6,20260919_134748,534.55,29.5,30,31.57,0.5,2.07
56:46.7,20260919_134748,535.68,29.5,29.94,31.59,0.44,2.09
56:47.9,20260919_134748,536.81,29.5,30,31.57,0.5,2.07
56:49.0,20260919_134748,537.94,29.5,29.94,31.58,0.44,2.08
56:50.1,20260919_134748,539.07,29.5,29.94,31.62,0.44,2.12
56:51.2,20260919_134748,540.2,29.5,29.94,31.63,0.44,2.13
56:52.4,20260919_134748,541.33,29.5,29.94,31.75,0.44,2.25
56:53.5,20260919_134748,542.46,29.5,29.94,31.73,0.44,2.23
56:54.6,20260919_134748,543.58,29.5,29.94,31.71,0.44,2.21
56:55.8,20260919_134748,544.71,29.5,29.94,31.67,0.44,2.17
56:56.9,20260919_134748,545.84,29.5,29.94,31.61,0.44,2.11
56:58.0,20260919_134748,546.97,29.5,30,31.59,0.5,2.09
56:59.2,20260919_134748,548.1,29.5,30,31.61,0.5,2.11
57:00.3,20260919_134748,549.23,29.5,29.94,31.64,0.44,2.14
57:01.4,20260919_134748,550.36,29.5,29.94,31.67,0.44,2.17
57:02.5,20260919_134748,551.49,29.5,30,31.73,0.5,2.23
57:03.7,20260919_134748,552.62,29.5,29.94,31.74,0.44,2.24
57:04.8,20260919_134748,553.75,29.5,29.94,31.74,0.44,2.24
57:05.9,20260919_134748,554.88,29.5,29.94,31.76,0.44,2.26
57:07.0,20260919_134748,556,29.5,29.94,31.79,0.44,2.29
57:08.2,20260919_134748,557.13,29.5,29.94,31.8,0.44,2.3
57:09.3,20260919_134748,558.26,29.5,29.87,31.81,0.37,2.31
57:10.4,20260919_134748,559.39,29.5,29.87,31.84,0.37,2.34
57:11.6,20260919_134748,560.52,29.5,29.94,31.85,0.44,2.35
57:12.7,20260919_134748,561.65,29.5,29.94,31.87,0.44,2.37
57:13.8,20260919_134748,562.78,29.5,29.94,31.89,0.44,2.39
57:15.0,20260919_134748,563.9,29.5,29.87,31.91,0.37,2.41
57:16.1,20260919_134748,565.04,29.5,29.94,31.89,0.44,2.39
57:17.2,20260919_134748,566.17,29.5,29.94,31.91,0.44,2.41
57:18.3,20260919_134748,567.29,29.5,29.94,31.96,0.44,2.46
57:19.5,20260919_134748,568.42,29.5,29.94,31.93,0.44,2.43
57:20.6,20260919_134748,569.55,29.5,29.94,31.92,0.44,2.42
57:21.7,20260919_134748,570.68,29.5,29.94,31.92,0.44,2.42
57:22.9,20260919_134748,571.81,29.5,29.94,31.89,0.44,2.39
57:24.0,20260919_134748,572.93,29.5,29.94,31.92,0.44,2.42
57:25.1,20260919_134748,574.07,29.5,29.94,31.92,0.44,2.42
57:26.2,20260919_134748,575.2,29.5,29.87,31.89,0.37,2.39
57:27.4,20260919_134748,576.33,29.5,29.87,31.9,0.37,2.4
57:28.5,20260919_134748,577.46,29.5,29.87,31.89,0.37,2.39
57:29.6,20260919_134748,578.59,29.5,29.87,31.89,0.37,2.39
57:30.8,20260919_134748,579.72,29.5,29.87,31.88,0.37,2.38
57:31.9,20260919_134748,580.84,29.5,29.87,31.87,0.37,2.37
57:33.0,20260919_134748,581.97,29.5,29.87,31.86,0.37,2.36
57:34.2,20260919_134748,583.1,29.5,29.87,31.84,0.37,2.34
57:35.3,20260919_134748,584.23,29.5,29.94,31.83,0.44,2.33
57:36.4,20260919_134748,585.36,29.5,29.94,31.84,0.44,2.34
57:37.5,20260919_134748,586.49,29.5,29.94,31.86,0.44,2.36
57:38.7,20260919_134748,587.62,29.5,29.94,31.85,0.44,2.35
57:39.8,20260919_134748,588.75,29.5,29.94,31.86,0.44,2.36
57:40.9,20260919_134748,589.88,29.5,30,31.83,0.5,2.33
57:42.1,20260919_134748,591.01,29.5,29.94,31.84,0.44,2.34
57:43.2,20260919_134748,592.13,29.5,29.94,31.86,0.44,2.36
57:44.3,20260919_134748,593.26,29.5,29.94,31.86,0.44,2.36
57:45.4,20260919_134748,594.39,29.5,29.94,31.88,0.44,2.38
57:46.6,20260919_134748,595.52,29.5,29.94,31.87,0.44,2.37
57:47.7,20260919_134748,596.65,29.5,30,31.88,0.5,2.38
57:48.8,20260919_134748,597.78,29.5,30,31.89,0.5,2.39
57:50.0,20260919_134748,598.91,29.5,30,31.88,0.5,2.38
57:51.1,20260919_134748,600.04,29.5,30,31.88,0.5,2.38
03:58.2,20260921_160355,0.13,28,28.19,30.41,0.19,2.41
03:58.6,20260921_160355,0.5,28,28.19,30.42,0.19,2.42
03:59.6,20260921_160355,1.5,28,28.19,30.41,0.19,2.41
04:00.6,20260921_160355,2.5,28,28.19,30.41,0.19,2.41
04:01.6,20260921_160355,3.5,28,28.12,30.43,0.12,2.43
04:02.6,20260921_160355,4.5,28,28.19,30.42,0.19,2.42
04:03.6,20260921_160355,5.5,28,28.19,30.41,0.19,2.41
04:04.6,20260921_160355,6.5,28,28.19,30.41,0.19,2.41
04:05.6,20260921_160355,7.5,28,28.12,30.39,0.12,2.39
04:06.6,20260921_160355,8.5,28,28.19,30.39,0.19,2.39
04:07.6,20260921_160355,9.49,28,28.19,30.39,0.19,2.39
04:08.6,20260921_160355,10.49,28,28.19,30.4,0.19,2.4
04:09.6,20260921_160355,11.5,28,28.19,30.41,0.19,2.41
04:10.6,20260921_160355,12.5,28,28.19,30.43,0.19,2.43
04:11.6,20260921_160355,13.5,28,28.19,30.46,0.19,2.46
04:12.6,20260921_160355,14.5,28,28.19,30.42,0.19,2.42
04:13.6,20260921_160355,15.5,28,28.19,30.38,0.19,2.38
04:14.6,20260921_160355,16.5,28,28.19,30.39,0.19,2.39
04:15.6,20260921_160355,17.5,28,28.12,30.38,0.12,2.38
04:16.6,20260921_160355,18.5,28,28.12,30.38,0.12,2.38
04:17.6,20260921_160355,19.5,28,28.12,30.38,0.12,2.38
04:18.6,20260921_160355,20.49,28,28.12,30.38,0.12,2.38
04:19.6,20260921_160355,21.5,28,28.12,30.38,0.12,2.38
04:20.6,20260921_160355,22.5,28,28.12,30.38,0.12,2.38
04:21.6,20260921_160355,23.5,28,28.12,30.37,0.12,2.37
04:22.6,20260921_160355,24.5,28,28.12,30.37,0.12,2.37
04:23.6,20260921_160355,25.5,28,28.06,30.35,0.06,2.35
04:24.6,20260921_160355,26.5,28,28.06,30.36,0.06,2.36
04:25.6,20260921_160355,27.5,28,28.06,30.35,0.06,2.35
04:26.6,20260921_160355,28.5,28,28.06,30.36,0.06,2.36
04:27.6,20260921_160355,29.5,28,28.06,30.37,0.06,2.37
04:28.6,20260921_160355,30.5,28,28.06,30.36,0.06,2.36
04:29.6,20260921_160355,31.5,28,28.06,30.37,0.06,2.37
04:30.6,20260921_160355,32.5,28,28.06,30.37,0.06,2.37
04:31.6,20260921_160355,33.5,28,28.06,30.38,0.06,2.38
04:32.6,20260921_160355,34.5,28,28.06,30.38,0.06,2.38
04:33.6,20260921_160355,35.5,28,28.06,30.36,0.06,2.36
04:34.6,20260921_160355,36.5,28,28.06,30.33,0.06,2.33
04:35.6,20260921_160355,37.49,28,28,30.3,0,2.3
04:36.6,20260921_160355,38.5,28,28,30.3,0,2.3
04:37.6,20260921_160355,39.5,28,28,30.29,0,2.29
04:38.6,20260921_160355,40.5,28,28,30.26,0,2.26
04:39.6,20260921_160355,41.5,28,28,30.24,0,2.24
04:40.6,20260921_160355,42.5,28,28,30.24,0,2.24
04:41.6,20260921_160355,43.5,28,28,30.22,0,2.22
04:42.6,20260921_160355,44.5,28,28,30.26,0,2.26
04:43.6,20260921_160355,45.5,28,27.94,30.24,-0.06,2.24
04:44.6,20260921_160355,46.5,28,27.94,30.25,-0.06,2.25
04:45.6,20260921_160355,47.5,28,27.94,30.26,-0.06,2.26
04:46.6,20260921_160355,48.5,28,27.94,30.25,-0.06,2.25
04:47.6,20260921_160355,49.5,28,27.94,30.27,-0.06,2.27
04:48.6,20260921_160355,50.5,28,27.94,30.23,-0.06,2.23
04:49.6,20260921_160355,51.5,28,27.94,30.25,-0.06,2.25
04:50.6,20260921_160355,52.5,28,27.94,30.24,-0.06,2.24
04:51.6,20260921_160355,53.5,28,27.94,30.23,-0.06,2.23
04:52.6,20260921_160355,54.5,28,27.94,30.26,-0.06,2.26
04:53.6,20260921_160355,55.5,28,27.94,30.24,-0.06,2.24
04:54.6,20260921_160355,56.5,28,27.94,30.26,-0.06,2.26
04:55.6,20260921_160355,57.5,28,27.94,30.26,-0.06,2.26
04:56.6,20260921_160355,58.5,28,27.94,30.27,-0.06,2.27
04:57.6,20260921_160355,59.5,28,27.94,30.28,-0.06,2.28
04:58.6,20260921_160355,60.5,28,27.94,30.27,-0.06,2.27
04:59.6,20260921_160355,61.5,28,27.87,30.24,-0.13,2.24
05:00.6,20260921_160355,62.5,28,27.87,30.21,-0.13,2.21
05:01.6,20260921_160355,63.5,28,27.87,30.19,-0.13,2.19
05:02.6,20260921_160355,64.5,28,27.94,30.16,-0.06,2.16
05:03.6,20260921_160355,65.5,28,27.87,30.14,-0.13,2.14
05:04.6,20260921_160355,66.5,28,27.87,30.14,-0.13,2.14
05:05.6,20260921_160355,67.5,28,27.81,30.13,-0.19,2.13
05:06.6,20260921_160355,68.5,28,27.87,30.16,-0.13,2.16
05:07.6,20260921_160355,69.5,28,27.81,30.12,-0.19,2.12
05:08.6,20260921_160355,70.5,28,27.81,30.11,-0.19,2.11
05:09.6,20260921_160355,71.5,28,27.81,30.11,-0.19,2.11
05:10.6,20260921_160355,72.5,28,27.81,30.12,-0.19,2.12
05:11.6,20260921_160355,73.5,28,27.81,30.1,-0.19,2.1
05:12.6,20260921_160355,74.5,28,27.81,30.11,-0.19,2.11
05:13.6,20260921_160355,75.5,28,27.81,30.09,-0.19,2.09
05:14.6,20260921_160355,76.5,28,27.81,30.1,-0.19,2.1
05:15.6,20260921_160355,77.5,28,27.81,30.11,-0.19,2.11
05:16.6,20260921_160355,78.5,28,27.81,30.11,-0.19,2.11
05:17.6,20260921_160355,79.5,28,27.81,30.12,-0.19,2.12
05:18.6,20260921_160355,80.5,28,27.81,30.13,-0.19,2.13
05:19.6,20260921_160355,81.5,28,27.81,30.16,-0.19,2.16
05:20.6,20260921_160355,82.5,28,27.81,30.16,-0.19,2.16
05:21.6,20260921_160355,83.5,28,27.81,30.17,-0.19,2.17
05:22.6,20260921_160355,84.5,28,27.81,30.17,-0.19,2.17
05:23.6,20260921_160355,85.5,28,27.81,30.17,-0.19,2.17
05:24.6,20260921_160355,86.5,28,27.81,30.13,-0.19,2.13
05:25.6,20260921_160355,87.5,28,27.75,30.12,-0.25,2.12
05:26.6,20260921_160355,88.5,28,27.75,30.08,-0.25,2.08
05:27.6,20260921_160355,89.5,28,27.81,30.08,-0.19,2.08
05:28.6,20260921_160355,90.5,28,27.81,30.07,-0.19,2.07
05:29.6,20260921_160355,91.5,28,27.75,30.08,-0.25,2.08
05:30.6,20260921_160355,92.5,28,27.75,30.1,-0.25,2.1
05:31.6,20260921_160355,93.5,28,27.75,30.12,-0.25,2.12
05:32.6,20260921_160355,94.5,28,27.75,30.09,-0.25,2.09
05:33.6,20260921_160355,95.5,28,27.75,30.09,-0.25,2.09
05:34.6,20260921_160355,96.5,28,27.81,30.09,-0.19,2.09
05:35.6,20260921_160355,97.5,28,27.75,30.09,-0.25,2.09
05:36.6,20260921_160355,98.5,28,27.75,30.07,-0.25,2.07
05:37.6,20260921_160355,99.5,28,27.75,30.08,-0.25,2.08
05:38.6,20260921_160355,100.5,28,27.81,30.11,-0.19,2.11
05:39.6,20260921_160355,101.5,28,27.81,30.16,-0.19,2.16
05:40.6,20260921_160355,102.5,28,27.81,30.17,-0.19,2.17
05:41.6,20260921_160355,103.5,28,27.81,30.15,-0.19,2.15
05:42.6,20260921_160355,104.5,28,27.81,30.15,-0.19,2.15
05:43.6,20260921_160355,105.5,28,27.81,30.14,-0.19,2.14
05:44.6,20260921_160355,106.5,28,27.81,30.16,-0.19,2.16
05:45.6,20260921_160355,107.5,28,27.81,30.14,-0.19,2.14
05:46.6,20260921_160355,108.5,28,27.81,30.16,-0.19,2.16
05:47.6,20260921_160355,109.5,28,27.81,30.19,-0.19,2.19
05:48.6,20260921_160355,110.5,28,27.81,30.21,-0.19,2.21
05:49.6,20260921_160355,111.5,28,27.81,30.21,-0.19,2.21
05:50.6,20260921_160355,112.5,28,27.87,30.23,-0.13,2.23
05:51.6,20260921_160355,113.5,28,27.87,30.18,-0.13,2.18
05:52.6,20260921_160355,114.5,28,27.81,30.14,-0.19,2.14
05:53.6,20260921_160355,115.5,28,27.81,30.12,-0.19,2.12
05:54.6,20260921_160355,116.5,28,27.81,30.1,-0.19,2.1
05:55.6,20260921_160355,117.5,28,27.81,30.11,-0.19,2.11
05:56.6,20260921_160355,118.5,28,27.81,30.12,-0.19,2.12
05:57.6,20260921_160355,119.5,28,27.81,30.11,-0.19,2.11
05:58.6,20260921_160355,120.5,28,27.81,30.13,-0.19,2.13
05:59.6,20260921_160355,121.5,28,27.81,30.13,-0.19,2.13
06:00.6,20260921_160355,122.5,28,27.81,30.13,-0.19,2.13
06:01.6,20260921_160355,123.5,28,27.81,30.14,-0.19,2.14
06:02.6,20260921_160355,124.5,28,27.81,30.13,-0.19,2.13
06:03.6,20260921_160355,125.5,28,27.81,30.1,-0.19,2.1
06:04.6,20260921_160355,126.5,28,27.81,30.11,-0.19,2.11
06:05.6,20260921_160355,127.5,28,27.81,30.12,-0.19,2.12
06:06.6,20260921_160355,128.5,28,27.81,30.13,-0.19,2.13
06:07.6,20260921_160355,129.5,28,27.81,30.14,-0.19,2.14
06:08.6,20260921_160355,130.5,28,27.81,30.14,-0.19,2.14
06:09.6,20260921_160355,131.5,28,27.81,30.13,-0.19,2.13
06:10.6,20260921_160355,132.5,28,27.81,30.16,-0.19,2.16
06:11.6,20260921_160355,133.5,28,27.81,30.14,-0.19,2.14
06:12.6,20260921_160355,134.5,28,27.81,30.13,-0.19,2.13
06:13.6,20260921_160355,135.5,28,27.81,30.18,-0.19,2.18
06:14.6,20260921_160355,136.5,28,27.87,30.21,-0.13,2.21
06:15.6,20260921_160355,137.5,28,27.87,30.18,-0.13,2.18
06:16.6,20260921_160355,138.5,28,27.81,30.24,-0.19,2.24
06:17.6,20260921_160355,139.5,28,27.87,30.22,-0.13,2.22
06:18.6,20260921_160355,140.5,28,27.87,30.23,-0.13,2.23
06:19.6,20260921_160355,141.5,28,27.87,30.21,-0.13,2.21
06:20.6,20260921_160355,142.5,28,27.87,30.16,-0.13,2.16
06:21.6,20260921_160355,143.51,28,27.87,30.16,-0.13,2.16
06:22.6,20260921_160355,144.5,28,27.81,30.17,-0.19,2.17
06:23.6,20260921_160355,145.51,28,27.87,30.15,-0.13,2.15
06:24.6,20260921_160355,146.5,28,27.81,30.16,-0.19,2.16
06:25.6,20260921_160355,147.5,28,27.87,30.19,-0.13,2.19
06:26.6,20260921_160355,148.5,28,27.87,30.21,-0.13,2.21
06:27.6,20260921_160355,149.5,28,27.87,30.23,-0.13,2.23
06:28.6,20260921_160355,150.5,28,27.87,30.24,-0.13,2.24
06:29.6,20260921_160355,151.5,28,27.87,30.2,-0.13,2.2
06:30.6,20260921_160355,152.5,28,27.81,30.18,-0.19,2.18
06:31.6,20260921_160355,153.51,28,27.81,30.2,-0.19,2.2
06:32.6,20260921_160355,154.5,28,27.87,30.17,-0.13,2.17
06:33.6,20260921_160355,155.5,28,27.81,30.16,-0.19,2.16
06:34.6,20260921_160355,156.5,28,27.87,30.15,-0.13,2.15
06:35.6,20260921_160355,157.5,28,27.81,30.12,-0.19,2.12
06:36.6,20260921_160355,158.51,28,27.81,30.14,-0.19,2.14
06:37.6,20260921_160355,159.5,28,27.81,30.14,-0.19,2.14
06:38.6,20260921_160355,160.5,28,27.81,30.17,-0.19,2.17
06:39.6,20260921_160355,161.51,28,27.81,30.19,-0.19,2.19
06:40.6,20260921_160355,162.51,28,27.81,30.19,-0.19,2.19
06:41.6,20260921_160355,163.5,28,27.81,30.18,-0.19,2.18
06:42.6,20260921_160355,164.5,28,27.81,30.16,-0.19,2.16
06:43.6,20260921_160355,165.5,28,27.81,30.15,-0.19,2.15
06:44.6,20260921_160355,166.5,28,27.81,30.13,-0.19,2.13
06:45.6,20260921_160355,167.51,28,27.81,30.11,-0.19,2.11
06:46.6,20260921_160355,168.51,28,27.75,30.11,-0.25,2.11
06:47.6,20260921_160355,169.5,28,27.75,30.12,-0.25,2.12
06:48.6,20260921_160355,170.51,28,27.75,30.11,-0.25,2.11
06:49.6,20260921_160355,171.51,28,27.81,30.14,-0.19,2.14
06:50.6,20260921_160355,172.5,28,27.75,30.13,-0.25,2.13
06:51.6,20260921_160355,173.51,28,27.81,30.14,-0.19,2.14
06:52.6,20260921_160355,174.5,28,27.81,30.14,-0.19,2.14
06:53.6,20260921_160355,175.51,28,27.81,30.13,-0.19,2.13
06:54.6,20260921_160355,176.51,28,27.81,30.15,-0.19,2.15
06:55.6,20260921_160355,177.5,28,27.81,30.16,-0.19,2.16
06:56.6,20260921_160355,178.51,28,27.81,30.15,-0.19,2.15
06:57.6,20260921_160355,179.5,28,27.75,30.11,-0.25,2.11
06:58.6,20260921_160355,180.5,28,27.81,30.09,-0.19,2.09
06:59.6,20260921_160355,181.5,28,27.75,30.08,-0.25,2.08
07:00.6,20260921_160355,182.5,28,27.75,30.08,-0.25,2.08
07:01.6,20260921_160355,183.51,28,27.75,30.09,-0.25,2.09
07:02.6,20260921_160355,184.51,28,27.75,30.1,-0.25,2.1
07:03.6,20260921_160355,185.5,28,27.81,30.08,-0.19,2.08
07:04.6,20260921_160355,186.5,28,27.81,30.08,-0.19,2.08
07:05.6,20260921_160355,187.51,28,27.75,30.11,-0.25,2.11
07:06.6,20260921_160355,188.51,28,27.75,30.11,-0.25,2.11
07:07.6,20260921_160355,189.51,28,27.75,30.13,-0.25,2.13
07:08.6,20260921_160355,190.5,28,27.75,30.12,-0.25,2.12
07:09.6,20260921_160355,191.5,28,27.81,30.13,-0.19,2.13
07:10.6,20260921_160355,192.5,28,27.81,30.16,-0.19,2.16
07:11.6,20260921_160355,193.51,28,27.81,30.11,-0.19,2.11
07:12.6,20260921_160355,194.51,28,27.81,30.11,-0.19,2.11
07:13.6,20260921_160355,195.51,28,27.75,30.12,-0.25,2.12
07:14.6,20260921_160355,196.51,28,27.81,30.12,-0.19,2.12
07:15.6,20260921_160355,197.51,28,27.81,30.13,-0.19,2.13
07:16.6,20260921_160355,198.51,28,27.81,30.12,-0.19,2.12
07:17.6,20260921_160355,199.5,28,27.81,30.15,-0.19,2.15
07:18.6,20260921_160355,200.51,28,27.81,30.15,-0.19,2.15
07:19.6,20260921_160355,201.51,28,27.81,30.12,-0.19,2.12
07:20.6,20260921_160355,202.5,28,27.81,30.1,-0.19,2.1
07:21.6,20260921_160355,203.51,28,27.81,30.11,-0.19,2.11
07:22.6,20260921_160355,204.51,28,27.81,30.16,-0.19,2.16
07:23.6,20260921_160355,205.51,28,27.81,30.22,-0.19,2.22
07:24.6,20260921_160355,206.51,28,27.87,30.24,-0.13,2.24
07:25.6,20260921_160355,207.51,28,27.87,30.22,-0.13,2.22
07:26.6,20260921_160355,208.51,28,27.81,30.21,-0.19,2.21
07:27.6,20260921_160355,209.51,28,27.81,30.14,-0.19,2.14
07:28.6,20260921_160355,210.51,28,27.81,30.16,-0.19,2.16
07:29.6,20260921_160355,211.51,28,27.81,30.14,-0.19,2.14
07:30.6,20260921_160355,212.51,28,27.81,30.13,-0.19,2.13
07:31.6,20260921_160355,213.51,28,27.81,30.12,-0.19,2.12
07:32.6,20260921_160355,214.51,28,27.81,30.11,-0.19,2.11
07:33.6,20260921_160355,215.51,28,27.81,30.13,-0.19,2.13
07:34.6,20260921_160355,216.51,28,27.81,30.17,-0.19,2.17
07:35.6,20260921_160355,217.51,28,27.81,30.16,-0.19,2.16
07:36.6,20260921_160355,218.51,28,27.81,30.2,-0.19,2.2
07:37.6,20260921_160355,219.51,28,27.87,30.21,-0.13,2.21
07:38.6,20260921_160355,220.51,28,27.87,30.22,-0.13,2.22
07:39.6,20260921_160355,221.51,28,27.87,30.21,-0.13,2.21
07:40.6,20260921_160355,222.51,28,27.87,30.17,-0.13,2.17
07:41.6,20260921_160355,223.51,28,27.81,30.15,-0.19,2.15
07:42.6,20260921_160355,224.51,28,27.81,30.13,-0.19,2.13
07:43.6,20260921_160355,225.51,28,27.87,30.13,-0.13,2.13
07:44.6,20260921_160355,226.51,28,27.87,30.1,-0.13,2.1
07:45.6,20260921_160355,227.51,28,27.81,30.08,-0.19,2.08
07:46.6,20260921_160355,228.51,28,27.81,30.08,-0.19,2.08
07:47.6,20260921_160355,229.51,28,27.81,30.1,-0.19,2.1
07:48.6,20260921_160355,230.51,28,27.81,30.1,-0.19,2.1
07:49.6,20260921_160355,231.5,28,27.81,30.08,-0.19,2.08
07:50.6,20260921_160355,232.51,28,27.81,30.06,-0.19,2.06
07:51.6,20260921_160355,233.51,28,27.81,30.05,-0.19,2.05
07:52.6,20260921_160355,234.51,28,27.81,30.06,-0.19,2.06
07:53.6,20260921_160355,235.51,28,27.81,30.07,-0.19,2.07
07:54.6,20260921_160355,236.51,28,27.81,30.06,-0.19,2.06
07:55.6,20260921_160355,237.5,28,27.81,30.06,-0.19,2.06
07:56.6,20260921_160355,238.5,28,27.81,30.08,-0.19,2.08
07:57.6,20260921_160355,239.5,28,27.81,30.07,-0.19,2.07
07:58.6,20260921_160355,240.5,28,27.81,30.1,-0.19,2.1
07:59.6,20260921_160355,241.51,28,27.81,30.13,-0.19,2.13
08:00.6,20260921_160355,242.51,28,27.81,30.15,-0.19,2.15
08:01.6,20260921_160355,243.51,28,27.81,30.13,-0.19,2.13
08:02.6,20260921_160355,244.51,28,27.81,30.12,-0.19,2.12
08:03.6,20260921_160355,245.51,28,27.81,30.19,-0.19,2.19
08:04.6,20260921_160355,246.51,28,27.81,30.18,-0.19,2.18
08:05.6,20260921_160355,247.51,28,27.81,30.16,-0.19,2.16
08:06.6,20260921_160355,248.51,28,27.81,30.14,-0.19,2.14
08:07.6,20260921_160355,249.51,28,27.81,30.14,-0.19,2.14
08:08.6,20260921_160355,250.51,28,27.81,30.16,-0.19,2.16
08:09.6,20260921_160355,251.51,28,27.81,30.16,-0.19,2.16
08:10.6,20260921_160355,252.51,28,27.81,30.17,-0.19,2.17
08:11.6,20260921_160355,253.51,28,27.81,30.17,-0.19,2.17
08:12.6,20260921_160355,254.51,28,27.81,30.17,-0.19,2.17
08:13.6,20260921_160355,255.51,28,27.81,30.17,-0.19,2.17
08:14.6,20260921_160355,256.51,28,27.81,30.14,-0.19,2.14
08:15.6,20260921_160355,257.51,28,27.81,30.15,-0.19,2.15
08:16.6,20260921_160355,258.51,28,27.81,30.12,-0.19,2.12
08:17.6,20260921_160355,259.51,28,27.81,30.14,-0.19,2.14
08:18.6,20260921_160355,260.51,28,27.75,30.1,-0.25,2.1
08:19.6,20260921_160355,261.51,28,27.81,30.08,-0.19,2.08
08:20.6,20260921_160355,262.51,28,27.81,30.07,-0.19,2.07
08:21.6,20260921_160355,263.51,28,27.81,30.09,-0.19,2.09
08:22.6,20260921_160355,264.51,28,27.81,30.12,-0.19,2.12
08:23.6,20260921_160355,265.51,28,27.81,30.12,-0.19,2.12
08:24.6,20260921_160355,266.51,28,27.81,30.11,-0.19,2.11
08:25.6,20260921_160355,267.51,28,27.81,30.11,-0.19,2.11
08:26.6,20260921_160355,268.51,28,27.81,30.11,-0.19,2.11
08:27.6,20260921_160355,269.51,28,27.81,30.11,-0.19,2.11
08:28.6,20260921_160355,270.51,28,27.81,30.14,-0.19,2.14
08:29.6,20260921_160355,271.51,28,27.75,30.13,-0.25,2.13
08:30.6,20260921_160355,272.51,28,27.81,30.11,-0.19,2.11
08:31.6,20260921_160355,273.51,28,27.75,30.11,-0.25,2.11
08:32.6,20260921_160355,274.51,28,27.75,30.09,-0.25,2.09
08:33.6,20260921_160355,275.51,28,27.75,30.11,-0.25,2.11
08:34.6,20260921_160355,276.51,28,27.81,30.11,-0.19,2.11
08:35.6,20260921_160355,277.51,28,27.75,30.11,-0.25,2.11
08:36.6,20260921_160355,278.51,28,27.75,30.12,-0.25,2.12
08:37.6,20260921_160355,279.51,28,27.81,30.13,-0.19,2.13
08:38.6,20260921_160355,280.51,28,27.81,30.13,-0.19,2.13
08:39.6,20260921_160355,281.51,28,27.75,30.12,-0.25,2.12
08:40.6,20260921_160355,282.51,28,27.81,30.1,-0.19,2.1
08:41.6,20260921_160355,283.51,28,27.81,30.11,-0.19,2.11
08:42.6,20260921_160355,284.51,28,27.75,30.09,-0.25,2.09
08:43.6,20260921_160355,285.51,28,27.75,30.08,-0.25,2.08
08:44.6,20260921_160355,286.51,28,27.75,30.05,-0.25,2.05
08:45.6,20260921_160355,287.51,28,27.75,30.02,-0.25,2.02
08:46.6,20260921_160355,288.51,28,27.69,30,-0.31,2
08:47.6,20260921_160355,289.51,28,27.75,30.01,-0.25,2.01
08:48.6,20260921_160355,290.51,28,27.75,30.01,-0.25,2.01
08:49.6,20260921_160355,291.51,28,27.69,30.03,-0.31,2.03
08:50.6,20260921_160355,292.51,28,27.69,30.02,-0.31,2.02
08:51.6,20260921_160355,293.51,28,27.69,30.01,-0.31,2.01
08:52.6,20260921_160355,294.51,28,27.69,30.02,-0.31,2.02
08:53.6,20260921_160355,295.51,28,27.69,30.01,-0.31,2.01
08:54.6,20260921_160355,296.51,28,27.69,30.03,-0.31,2.03
08:55.6,20260921_160355,297.5,28,27.69,30.01,-0.31,2.01
08:56.6,20260921_160355,298.51,28,27.69,30.04,-0.31,2.04
08:57.6,20260921_160355,299.5,28,27.69,30.01,-0.31,2.01
08:58.6,20260921_160355,300.51,28,27.69,30.01,-0.31,2.01
08:59.6,20260921_160355,301.51,28,27.62,30.01,-0.38,2.01
09:00.6,20260921_160355,302.5,28,27.62,30,-0.38,2
09:01.6,20260921_160355,303.51,28,27.69,30,-0.31,2
09:02.6,20260921_160355,304.51,28,27.69,30,-0.31,2
09:03.6,20260921_160355,305.51,28,27.69,30.01,-0.31,2.01
09:04.6,20260921_160355,306.51,28,27.62,29.98,-0.38,1.98
09:05.6,20260921_160355,307.51,28,27.62,30,-0.38,2
09:06.6,20260921_160355,308.51,28,27.62,29.99,-0.38,1.99
09:07.6,20260921_160355,309.51,28,27.62,29.98,-0.38,1.98
09:08.6,20260921_160355,310.51,28,27.62,29.97,-0.38,1.97
09:09.6,20260921_160355,311.51,28,27.62,29.99,-0.38,1.99
09:10.6,20260921_160355,312.51,28,27.62,29.99,-0.38,1.99
09:11.6,20260921_160355,313.51,28,27.69,29.99,-0.31,1.99
09:12.6,20260921_160355,314.51,28,27.69,30,-0.31,2
09:13.6,20260921_160355,315.51,28,27.62,29.98,-0.38,1.98
09:14.6,20260921_160355,316.51,28,27.62,29.99,-0.38,1.99
09:15.6,20260921_160355,317.51,28,27.62,29.99,-0.38,1.99
09:16.6,20260921_160355,318.51,28,27.62,30.01,-0.38,2.01
09:17.6,20260921_160355,319.51,28,27.62,29.99,-0.38,1.99
09:18.6,20260921_160355,320.51,28,27.62,29.98,-0.38,1.98
09:19.6,20260921_160355,321.51,28,27.62,30,-0.38,2
09:20.6,20260921_160355,322.5,28,27.62,30,-0.38,2
09:21.6,20260921_160355,323.51,28,27.62,29.98,-0.38,1.98
09:22.6,20260921_160355,324.51,28,27.62,30,-0.38,2
09:23.6,20260921_160355,325.5,28,27.62,30.01,-0.38,2.01
09:24.6,20260921_160355,326.51,28,27.62,30.01,-0.38,2.01
09:25.6,20260921_160355,327.51,28,27.62,30.01,-0.38,2.01
09:26.6,20260921_160355,328.51,28,27.62,30.01,-0.38,2.01
09:27.6,20260921_160355,329.51,28,27.62,30.01,-0.38,2.01
09:28.6,20260921_160355,330.51,28,27.62,30,-0.38,2
09:29.6,20260921_160355,331.51,28,27.62,30,-0.38,2
09:30.6,20260921_160355,332.51,28,27.62,30,-0.38,2
09:31.6,20260921_160355,333.51,28,27.62,29.99,-0.38,1.99
09:32.6,20260921_160355,334.51,28,27.62,29.98,-0.38,1.98
09:33.6,20260921_160355,335.51,28,27.62,29.98,-0.38,1.98
09:34.6,20260921_160355,336.51,28,27.62,29.98,-0.38,1.98
09:35.6,20260921_160355,337.51,28,27.56,29.98,-0.44,1.98
09:36.6,20260921_160355,338.51,28,27.62,29.98,-0.38,1.98
09:37.6,20260921_160355,339.51,28,27.62,29.97,-0.38,1.97
09:38.6,20260921_160355,340.51,28,27.56,29.96,-0.44,1.96
09:39.6,20260921_160355,341.51,28,27.56,29.98,-0.44,1.98
09:40.6,20260921_160355,342.51,28,27.62,29.97,-0.38,1.97
09:41.6,20260921_160355,343.51,28,27.56,29.96,-0.44,1.96
09:42.6,20260921_160355,344.51,28,27.56,29.94,-0.44,1.94
09:43.6,20260921_160355,345.51,28,27.56,29.92,-0.44,1.92
09:44.6,20260921_160355,346.51,28,27.56,29.92,-0.44,1.92
09:45.6,20260921_160355,347.51,28,27.56,29.93,-0.44,1.93
09:46.6,20260921_160355,348.51,28,27.56,29.94,-0.44,1.94
09:47.6,20260921_160355,349.51,28,27.56,29.91,-0.44,1.91
09:48.6,20260921_160355,350.51,28,27.56,29.93,-0.44,1.93
09:49.6,20260921_160355,351.51,28,27.56,29.95,-0.44,1.95
09:50.6,20260921_160355,352.51,28,27.56,29.94,-0.44,1.94
09:51.6,20260921_160355,353.51,28,27.56,29.95,-0.44,1.95
09:52.6,20260921_160355,354.51,28,27.62,29.94,-0.38,1.94
09:53.6,20260921_160355,355.51,28,27.62,29.95,-0.38,1.95
09:54.6,20260921_160355,356.51,28,27.56,29.91,-0.44,1.91
09:55.6,20260921_160355,357.51,28,27.56,29.92,-0.44,1.92
09:56.6,20260921_160355,358.51,28,27.56,29.92,-0.44,1.92
09:57.6,20260921_160355,359.51,28,27.56,29.89,-0.44,1.89
09:58.6,20260921_160355,360.51,28,27.56,29.9,-0.44,1.9
09:59.6,20260921_160355,361.51,28,27.56,29.87,-0.44,1.87
10:00.6,20260921_160355,362.51,28,27.56,29.88,-0.44,1.88
10:01.6,20260921_160355,363.51,28,27.56,29.86,-0.44,1.86
10:02.6,20260921_160355,364.51,28,27.56,29.9,-0.44,1.9
10:03.6,20260921_160355,365.51,28,27.56,29.89,-0.44,1.89
10:04.6,20260921_160355,366.51,28,27.56,29.89,-0.44,1.89
10:05.6,20260921_160355,367.51,28,27.56,29.9,-0.44,1.9
10:06.6,20260921_160355,368.51,28,27.56,29.92,-0.44,1.92
10:07.6,20260921_160355,369.51,28,27.56,29.93,-0.44,1.93
10:08.6,20260921_160355,370.51,28,27.56,29.91,-0.44,1.91
10:09.6,20260921_160355,371.52,28,27.56,29.93,-0.44,1.93
10:10.6,20260921_160355,372.51,28,27.56,29.95,-0.44,1.95
10:11.6,20260921_160355,373.51,28,27.56,29.94,-0.44,1.94
10:12.6,20260921_160355,374.5,28,27.56,29.94,-0.44,1.94
10:13.6,20260921_160355,375.51,28,27.56,29.95,-0.44,1.95
10:14.6,20260921_160355,376.51,28,27.56,29.96,-0.44,1.96
10:15.6,20260921_160355,377.51,28,27.56,29.95,-0.44,1.95
10:16.6,20260921_160355,378.51,28,27.56,29.97,-0.44,1.97
10:17.6,20260921_160355,379.5,28,27.56,29.95,-0.44,1.95
10:18.6,20260921_160355,380.51,28,27.56,29.97,-0.44,1.97
10:19.6,20260921_160355,381.51,28,27.56,29.96,-0.44,1.96
10:20.6,20260921_160355,382.51,28,27.56,29.95,-0.44,1.95
10:21.6,20260921_160355,383.51,28,27.56,29.95,-0.44,1.95
10:22.6,20260921_160355,384.51,28,27.56,29.94,-0.44,1.94
10:23.6,20260921_160355,385.51,28,27.56,29.92,-0.44,1.92
10:24.6,20260921_160355,386.51,28,27.56,29.92,-0.44,1.92
10:25.6,20260921_160355,387.51,28,27.56,29.9,-0.44,1.9
10:26.6,20260921_160355,388.51,28,27.56,29.91,-0.44,1.91
10:27.6,20260921_160355,389.51,28,27.56,29.92,-0.44,1.92
10:28.6,20260921_160355,390.51,28,27.56,29.91,-0.44,1.91
10:29.6,20260921_160355,391.51,28,27.56,29.94,-0.44,1.94
10:30.6,20260921_160355,392.51,28,27.56,29.99,-0.44,1.99
10:31.6,20260921_160355,393.51,28,27.62,30.01,-0.38,2.01
10:32.6,20260921_160355,394.51,28,27.62,30.04,-0.38,2.04
10:33.6,20260921_160355,395.51,28,27.62,30.05,-0.38,2.05
10:34.6,20260921_160355,396.52,28,27.62,30.05,-0.38,2.05
10:35.6,20260921_160355,397.51,28,27.62,30.01,-0.38,2.01
10:36.6,20260921_160355,398.51,28,27.62,30.01,-0.38,2.01
10:37.6,20260921_160355,399.51,28,27.62,30.01,-0.38,2.01
10:38.6,20260921_160355,400.51,28,27.62,29.97,-0.38,1.97
10:39.6,20260921_160355,401.51,28,27.62,29.98,-0.38,1.98
10:40.6,20260921_160355,402.51,28,27.62,29.97,-0.38,1.97
10:41.6,20260921_160355,403.52,28,27.62,29.97,-0.38,1.97
10:42.6,20260921_160355,404.52,28,27.62,29.95,-0.38,1.95
10:43.6,20260921_160355,405.51,28,27.62,29.92,-0.38,1.92
10:44.6,20260921_160355,406.52,28,27.62,29.94,-0.38,1.94
10:45.6,20260921_160355,407.51,28,27.62,29.93,-0.38,1.93
10:46.6,20260921_160355,408.51,28,27.56,29.91,-0.44,1.91
10:47.6,20260921_160355,409.51,28,27.56,29.9,-0.44,1.9
10:48.6,20260921_160355,410.51,28,27.56,29.9,-0.44,1.9
10:49.6,20260921_160355,411.52,28,27.56,29.92,-0.44,1.92
10:50.6,20260921_160355,412.51,28,27.56,29.92,-0.44,1.92
10:51.6,20260921_160355,413.52,28,27.56,29.91,-0.44,1.91
10:52.6,20260921_160355,414.51,28,27.56,29.94,-0.44,1.94
10:53.6,20260921_160355,415.52,28,27.56,29.93,-0.44,1.93
10:54.6,20260921_160355,416.52,28,27.5,29.91,-0.5,1.91
10:55.6,20260921_160355,417.52,28,27.56,29.92,-0.44,1.92
10:56.6,20260921_160355,418.52,28,27.5,29.91,-0.5,1.91
10:57.6,20260921_160355,419.51,28,27.56,29.88,-0.44,1.88
10:58.6,20260921_160355,420.52,28,27.5,29.88,-0.5,1.88
10:59.6,20260921_160355,421.52,28,27.5,29.87,-0.5,1.87
11:00.6,20260921_160355,422.52,28,27.5,29.85,-0.5,1.85
11:01.6,20260921_160355,423.51,28,27.5,29.85,-0.5,1.85
11:02.6,20260921_160355,424.51,28,27.5,29.85,-0.5,1.85
11:03.6,20260921_160355,425.52,28,27.5,29.87,-0.5,1.87
11:04.6,20260921_160355,426.52,28,27.5,29.86,-0.5,1.86
11:05.6,20260921_160355,427.51,28,27.44,29.86,-0.56,1.86
11:06.6,20260921_160355,428.52,28,27.5,29.85,-0.5,1.85
11:07.6,20260921_160355,429.52,28,27.5,29.84,-0.5,1.84
11:08.6,20260921_160355,430.51,28,27.5,29.86,-0.5,1.86
11:09.6,20260921_160355,431.51,28,27.5,29.86,-0.5,1.86
11:10.6,20260921_160355,432.51,28,27.5,29.88,-0.5,1.88
12:36.4,20260921_160355,518.36,28,27.5,29.87,-0.5,1.87
12:36.5,20260921_160355,518.48,28,27.5,29.88,-0.5,1.88
12:36.6,20260921_160355,518.55,28,27.5,29.89,-0.5,1.89
12:36.7,20260921_160355,518.68,28,27.5,29.9,-0.5,1.9
12:37.0,20260921_160355,518.89,28,27.5,29.9,-0.5,1.9
12:37.0,20260921_160355,518.95,28,27.5,29.91,-0.5,1.91
12:37.1,20260921_160355,519.01,28,27.5,29.9,-0.5,1.9
12:37.1,20260921_160355,519.05,28,27.5,29.92,-0.5,1.92
12:37.2,20260921_160355,519.11,28,27.5,29.9,-0.5,1.9
12:37.2,20260921_160355,519.16,28,27.5,29.9,-0.5,1.9
12:37.3,20260921_160355,519.2,28,27.5,29.88,-0.5,1.88
12:37.3,20260921_160355,519.24,28,27.5,29.88,-0.5,1.88
12:37.3,20260921_160355,519.28,28,27.5,29.89,-0.5,1.89
12:37.4,20260921_160355,519.31,28,27.5,29.89,-0.5,1.89
12:37.4,20260921_160355,519.33,28,27.5,29.91,-0.5,1.91
12:37.4,20260921_160355,519.36,28,27.5,29.91,-0.5,1.91
12:37.4,20260921_160355,519.38,28,27.5,29.94,-0.5,1.94
12:37.5,20260921_160355,519.4,28,27.5,29.94,-0.5,1.94
12:37.5,20260921_160355,519.42,28,27.5,29.95,-0.5,1.95
12:37.5,20260921_160355,519.45,28,27.56,29.98,-0.44,1.98
12:37.5,20260921_160355,519.47,28,27.56,29.97,-0.44,1.97
12:37.6,20260921_160355,519.49,28,27.56,29.96,-0.44,1.96
12:37.6,20260921_160355,519.51,28,27.56,29.96,-0.44,1.96
12:37.6,20260921_160355,519.53,28,27.5,29.95,-0.5,1.95
12:37.6,20260921_160355,519.56,28,27.5,29.94,-0.5,1.94
12:37.6,20260921_160355,519.57,28,27.5,29.92,-0.5,1.92
12:37.7,20260921_160355,519.6,28,27.56,29.9,-0.44,1.9
12:37.7,20260921_160355,519.62,28,27.56,29.9,-0.44,1.9
12:37.7,20260921_160355,519.64,28,27.56,29.92,-0.44,1.92
12:37.7,20260921_160355,519.66,28,27.56,29.9,-0.44,1.9
12:37.7,20260921_160355,519.68,28,27.56,29.89,-0.44,1.89
12:37.8,20260921_160355,519.7,28,27.56,29.87,-0.44,1.87
12:37.8,20260921_160355,519.72,28,27.5,29.86,-0.5,1.86
12:37.8,20260921_160355,519.74,28,27.5,29.86,-0.5,1.86
12:37.8,20260921_160355,519.76,28,27.5,29.84,-0.5,1.84
12:37.8,20260921_160355,519.77,28,27.5,29.85,-0.5,1.85
12:37.9,20260921_160355,519.79,28,27.5,29.86,-0.5,1.86
12:37.9,20260921_160355,519.81,28,27.5,29.86,-0.5,1.86
12:37.9,20260921_160355,519.83,28,27.5,29.88,-0.5,1.88
12:37.9,20260921_160355,519.84,28,27.5,29.85,-0.5,1.85
12:37.9,20260921_160355,519.86,28,27.5,29.85,-0.5,1.85
12:37.9,20260921_160355,519.88,28,27.5,29.87,-0.5,1.87
12:38.0,20260921_160355,519.9,28,27.5,29.88,-0.5,1.88
12:38.0,20260921_160355,519.92,28,27.5,29.88,-0.5,1.88
12:38.0,20260921_160355,519.95,28,27.5,29.91,-0.5,1.91
12:38.0,20260921_160355,519.97,28,27.5,29.9,-0.5,1.9
12:38.0,20260921_160355,519.98,28,27.5,29.91,-0.5,1.91
12:38.1,20260921_160355,520,28,27.5,29.88,-0.5,1.88
12:38.1,20260921_160355,520.02,28,27.5,29.89,-0.5,1.89
12:38.1,20260921_160355,520.04,28,27.5,29.89,-0.5,1.89
12:38.1,20260921_160355,520.05,28,27.5,29.89,-0.5,1.89
12:38.1,20260921_160355,520.07,28,27.5,29.88,-0.5,1.88
12:38.2,20260921_160355,520.09,28,27.56,29.9,-0.44,1.9
12:38.2,20260921_160355,520.11,28,27.5,29.88,-0.5,1.88
12:38.2,20260921_160355,520.13,28,27.5,29.9,-0.5,1.9
12:38.2,20260921_160355,520.15,28,27.5,29.91,-0.5,1.91
12:38.2,20260921_160355,520.17,28,27.5,29.92,-0.5,1.92
12:38.3,20260921_160355,520.2,28,27.5,29.92,-0.5,1.92
12:38.3,20260921_160355,520.21,28,27.56,29.9,-0.44,1.9
12:38.3,20260921_160355,520.23,28,27.5,29.9,-0.5,1.9
12:38.3,20260921_160355,520.25,28,27.5,29.91,-0.5,1.91
12:38.3,20260921_160355,520.27,28,27.5,29.87,-0.5,1.87
12:38.4,20260921_160355,520.29,28,27.5,29.83,-0.5,1.83
12:38.4,20260921_160355,520.31,28,27.5,29.86,-0.5,1.86
12:38.4,20260921_160355,520.33,28,27.5,29.84,-0.5,1.84
12:38.4,20260921_160355,520.34,28,27.5,29.87,-0.5,1.87
12:38.4,20260921_160355,520.37,28,27.5,29.86,-0.5,1.86
12:38.5,20260921_160355,520.39,28,27.5,29.89,-0.5,1.89
12:38.5,20260921_160355,520.4,28,27.56,29.91,-0.44,1.91
12:38.5,20260921_160355,520.43,28,27.56,29.93,-0.44,1.93
12:38.5,20260921_160355,520.45,28,27.5,29.92,-0.5,1.92
12:38.5,20260921_160355,520.47,28,27.5,29.9,-0.5,1.9
12:38.6,20260921_160355,520.49,28,27.5,29.88,-0.5,1.88
12:38.6,20260921_160355,520.52,28,27.5,29.91,-0.5,1.91
12:38.6,20260921_160355,520.53,28,27.56,29.93,-0.44,1.93
12:38.6,20260921_160355,520.56,28,27.56,29.97,-0.44,1.97
12:38.6,20260921_160355,520.58,28,27.56,29.96,-0.44,1.96
12:38.7,20260921_160355,520.6,28,27.56,29.98,-0.44,1.98
12:38.7,20260921_160355,520.62,28,27.56,29.96,-0.44,1.96
12:38.7,20260921_160355,520.64,28,27.56,29.91,-0.44,1.91
12:38.7,20260921_160355,520.66,28,27.56,29.89,-0.44,1.89
12:38.7,20260921_160355,520.68,28,27.56,29.9,-0.44,1.9
12:38.8,20260921_160355,520.7,28,27.5,29.87,-0.5,1.87
12:38.8,20260921_160355,520.72,28,27.5,29.84,-0.5,1.84
12:38.8,20260921_160355,520.74,28,27.5,29.85,-0.5,1.85
12:38.8,20260921_160355,520.75,28,27.5,29.87,-0.5,1.87
12:38.8,20260921_160355,520.77,28,27.5,29.85,-0.5,1.85
12:38.9,20260921_160355,520.79,28,27.5,29.85,-0.5,1.85
12:39.6,20260921_160355,521.52,28,27.5,29.87,-0.5,1.87
12:40.6,20260921_160355,522.52,28,27.5,29.86,-0.5,1.86
